,Transaction ID,Item,Quantity,Price Per Unit,Total Spent,Payment Method,Location,Transaction Date
0,TXN_0833326,Cake,4,3.0,12.0,Digital Wallet,Takeaway,2025-11-19
1,TXN_1508538,Sandwich,4,4.0,16.0,,Takeaway,2025-11-19
2,TXN_3525491,Cookie,2,1.0,2.0,,,2025-11-19
3,TXN_7390549,Salad,5,5.0,25.0,ERROR,Takeaway,2025-11-19
4,TXN_6974072,Juice,5,3.0,15.0,,In-store,2025-11-19
5,TXN_3383475,Sandwich,1,4.0,4.0,Cash,,2025-11-19
6,TXN_0924667,Cake,2,3.0,6.0,Credit Card,In-store,2025-11-19
7,TXN_9910948,Salad,2,5.0,10.0,,ERROR,2025-11-19
8,TXN_8306112,Tea,5,1.5,7.5,Cash,,2025-11-19
9,TXN_5462572,,5,1.0,5.0,,In-store,2025-11-19
10,TXN_3663004,Cookie,3,1.0,3.0,Credit Card,UNKNOWN,2025-11-19
11,TXN_9075917,Cookie,3,1.0,3.0,Credit Card,,2025-11-19
12,TXN_0809073,Coffee,5,2.0,10.0,Digital Wallet,,2025-11-19
13,TXN_9287149,Salad,2,5.0,10.0,Cash,Takeaway,2025-11-19
14,TXN_1529994,Cake,2,3.0,6.0,UNKNOWN,,2025-11-19
15,TXN_5083095,Tea,1,1.5,1.5,,,2025-11-19
16,TXN_3231963,Juice,2,3.0,6.0,,,2025-11-19
17,TXN_3852662,Tea,5,1.5,7.5,UNKNOWN,In-store,2025-11-19
18,TXN_1453080,Cake,2,3.0,,Credit Card,In-store,2025-11-19
19,TXN_4305400,Salad,4,UNKNOWN,20.0,Cash,In-store,2025-11-19
20,TXN_8135373,Smoothie,2,4.0,8.0,,Takeaway,2025-11-19
21,TXN_8696977,Juice,1,UNKNOWN,3.0,Credit Card,In-store,2025-11-19
22,TXN_7763920,Cookie,1,UNKNOWN,1.0,ERROR,Takeaway,2025-11-19
23,TXN_2582586,Sandwich,3,4.0,12.0,Cash,Takeaway,2025-11-19
24,TXN_0219511,Sandwich,4,4.0,16.0,,,2025-11-19
25,TXN_1310505,Tea,2,1.5,,,,2025-11-19
26,TXN_7843062,Smoothie,5,4.0,20.0,Credit Card,In-store,2025-11-19
27,TXN_1301447,ERROR,3,5.0,15.0,Digital Wallet,,2025-11-19
28,TXN_3922548,Salad,3,ERROR,15.0,Credit Card,,2025-11-19
29,TXN_2228206,Cake,1,ERROR,3.0,,,2025-11-19
30,TXN_3746717,Cake,1,UNKNOWN,3.0,Cash,Takeaway,2025-11-19
31,TXN_0710321,Coffee,4,2.0,8.0,,,2025-11-19
32,TXN_1539919,ERROR,2,3.0,6.0,Credit Card,Takeaway,2025-11-19
33,TXN_1324777,Sandwich,1,4.0,4.0,Credit Card,UNKNOWN,2025-11-19
34,TXN_9362970,Smoothie,1,4.0,4.0,,,2025-11-19
35,TXN_3040143,Smoothie,5,4.0,20.0,Credit Card,,2025-11-19
36,TXN_2124729,Juice,UNKNOWN,3.0,UNKNOWN,Cash,Takeaway,2025-11-19
37,TXN_6542514,UNKNOWN,3,4.0,12.0,,Takeaway,2025-11-19
38,TXN_5230604,Cake,3,3.0,ERROR,Digital Wallet,Takeaway,2025-11-19
39,TXN_8559529,Tea,3,1.5,4.5,Digital Wallet,In-store,2025-11-19
40,TXN_7175596,Salad,3,5.0,15.0,Cash,,2025-11-19
41,TXN_0884159,Smoothie,3,4.0,12.0,Cash,In-store,2025-11-19
42,TXN_6115587,Cookie,3,1.0,3.0,Cash,In-store,2025-11-19
43,TXN_4505759,Cookie,3,1.0,3.0,,In-store,2025-11-19
44,TXN_0215795,Coffee,5,2.0,10.0,Cash,,2025-11-19
45,TXN_2848676,Sandwich,UNKNOWN,4.0,12.0,Digital Wallet,In-store,2025-11-19
46,TXN_4528174,Juice,4,3.0,12.0,Credit Card,,2025-11-19
47,TXN_1782381,Salad,3,5.0,15.0,Cash,Takeaway,2025-11-19
48,TXN_5944377,Cake,1,3.0,3.0,Credit Card,,2025-11-19
49,TXN_7480405,Smoothie,4,4.0,16.0,UNKNOWN,In-store,2025-11-19
50,TXN_7528635,Sandwich,3,4.0,12.0,Digital Wallet,In-store,2025-11-19
51,TXN_1794975,,4,4.0,16.0,Digital Wallet,Takeaway,2025-11-19
52,TXN_8485781,ERROR,2,3.0,6.0,Cash,Takeaway,2025-11-19
53,TXN_5092468,Cake,5,3.0,15.0,Digital Wallet,,2025-11-19
54,TXN_9624340,Cookie,1,1.0,1.0,Credit Card,In-store,2025-11-19
55,TXN_2949737,Salad,4,5.0,20.0,Credit Card,Takeaway,2025-11-19
56,TXN_9890821,Sandwich,4,ERROR,16.0,Cash,Takeaway,2025-11-19
57,TXN_8564942,Salad,3,5.0,15.0,Digital Wallet,In-store,2025-11-19
58,TXN_1948218,Cookie,5,1.0,5.0,Digital Wallet,Takeaway,2025-11-19
59,TXN_7581735,Smoothie,5,4.0,20.0,,In-store,2025-11-19
60,TXN_6276131,Sandwich,1,4.0,4.0,Digital Wallet,In-store,2025-11-19
61,TXN_8510276,Tea,2,1.5,3.0,,Takeaway,2025-11-19
62,TXN_5678922,Cake,5,3.0,15.0,,Takeaway,2025-11-19
63,TXN_9760565,Sandwich,2,4.0,8.0,,Takeaway,2025-11-19
64,TXN_4847835,,4,3.0,12.0,Credit Card,,2025-11-19
65,TXN_3363533,Tea,4,1.5,6.0,Cash,In-store,2025-11-19
66,TXN_6615011,Tea,4,1.5,6.0,Cash,UNKNOWN,2025-11-19
67,TXN_9666631,Tea,4,1.5,6.0,Cash,,2025-11-19
68,TXN_5367316,Cookie,4,1.0,4.0,Digital Wallet,,2025-11-19
69,TXN_7541884,Cake,4,3.0,12.0,Credit Card,Takeaway,2025-11-19
70,TXN_7342983,Cookie,1,1.0,1.0,Digital Wallet,Takeaway,2025-11-19
71,TXN_3421047,Coffee,4,2.0,8.0,,In-store,2025-11-19
72,TXN_9593291,Salad,4,5.0,20.0,Digital Wallet,In-store,2025-11-19
73,TXN_3030415,Coffee,3,ERROR,6.0,Credit Card,,2025-11-19
74,TXN_0426396,Cake,5,3.0,15.0,Cash,,2025-11-19
75,TXN_8710460,Sandwich,4,4.0,16.0,Cash,Takeaway,2025-11-19
76,TXN_2231190,ERROR,4,1.0,4.0,,Takeaway,2025-11-19
77,TXN_4715485,Sandwich,2,4.0,8.0,,In-store,2025-11-19
78,TXN_5803760,Cake,3,3.0,9.0,,,2025-11-19
79,TXN_9189620,Sandwich,3,4.0,12.0,Cash,,2025-11-19
80,TXN_7416204,Smoothie,2,4.0,8.0,Cash,In-store,2025-11-19
81,TXN_0086041,Cake,UNKNOWN,3.0,9.0,Cash,Takeaway,2025-11-19
82,TXN_4322271,Sandwich,3,4.0,12.0,UNKNOWN,Takeaway,2025-11-19
83,TXN_9852858,Cookie,3,1.0,3.0,Cash,In-store,2025-11-19
84,TXN_1872092,Sandwich,4,4.0,16.0,Credit Card,ERROR,2025-11-19
85,TXN_0057673,Smoothie,5,4.0,20.0,Cash,In-store,2025-11-19
86,TXN_0998473,Cake,4,3.0,12.0,Digital Wallet,In-store,2025-11-19
87,TXN_8518829,,2,1.5,3.0,Cash,UNKNOWN,2025-11-19
88,TXN_1741255,Cookie,3,1.0,3.0,Digital Wallet,UNKNOWN,2025-11-19
89,TXN_6383802,Tea,2,1.5,3.0,,Takeaway,2025-11-19
90,TXN_6802768,Smoothie,3,4.0,ERROR,Cash,Takeaway,2025-11-19
91,TXN_5134864,Smoothie,5,,20.0,,,2025-11-19
92,TXN_6397844,Salad,5,5.0,25.0,,Takeaway,2025-11-19
93,TXN_7849827,Juice,3,3.0,9.0,,In-store,2025-11-19
94,TXN_2912090,Cookie,2,1.0,2.0,Credit Card,In-store,2025-11-19
95,TXN_2374241,UNKNOWN,5,1.0,5.0,Cash,,2025-11-19
96,TXN_8467449,Smoothie,3,4.0,12.0,Credit Card,In-store,2025-11-19
97,TXN_7842589,Salad,4,5.0,20.0,Digital Wallet,In-store,2025-11-19
98,TXN_1580640,Juice,2,3.0,6.0,Cash,Takeaway,2025-11-19
99,TXN_2351327,Salad,4,5.0,20.0,Digital Wallet,Takeaway,2025-11-19
100,TXN_9109845,Salad,4,5.0,20.0,Credit Card,In-store,2025-11-19
101,TXN_9442468,Cake,ERROR,,12.0,Digital Wallet,In-store,2025-11-19
102,TXN_6725999,Cake,2,3.0,6.0,Cash,,2025-11-19
103,TXN_1025577,Smoothie,1,4.0,4.0,Credit Card,In-store,2025-11-19
104,TXN_0719611,Tea,5,1.5,7.5,Digital Wallet,,2025-11-19
105,TXN_6678376,Sandwich,3,4.0,12.0,Digital Wallet,In-store,2025-11-19
106,TXN_7994702,Cake,3,3.0,9.0,Cash,Takeaway,2025-11-19
107,TXN_9498698,Salad,,5.0,15.0,Credit Card,,2025-11-19
108,TXN_3030759,Coffee,3,2.0,6.0,Digital Wallet,Takeaway,2025-11-19
109,TXN_1692375,ERROR,,2.0,2.0,,In-store,2025-11-19
110,TXN_1035059,Salad,2,5.0,10.0,Cash,,2025-11-19
111,TXN_0392449,,1,2.0,,Digital Wallet,Takeaway,2025-11-19
112,TXN_6710595,Salad,1,5.0,5.0,Digital Wallet,,2025-11-19
113,TXN_4438291,Juice,1,3.0,3.0,Cash,In-store,2025-11-19
114,TXN_3349605,Tea,1,1.5,1.5,Digital Wallet,In-store,2025-11-19
115,TXN_5107953,Salad,3,5.0,15.0,Digital Wallet,In-store,2025-11-19
116,TXN_7643534,Coffee,4,2.0,8.0,Credit Card,,2025-11-19
117,TXN_2429731,Tea,4,1.5,6.0,Digital Wallet,Takeaway,2025-11-19
118,TXN_2292458,Juice,2,3.0,6.0,Credit Card,Takeaway,2025-11-19
119,TXN_8318900,Smoothie,5,4.0,20.0,Digital Wallet,,2025-11-19
120,TXN_1523181,Cookie,5,1.0,5.0,Cash,ERROR,2025-11-19
121,TXN_6603834,Coffee,3,2.0,6.0,Digital Wallet,In-store,2025-11-19
122,TXN_1419945,Juice,4,3.0,12.0,Digital Wallet,,2025-11-19
123,TXN_9266315,Salad,,5.0,25.0,Digital Wallet,,2025-11-19
124,TXN_5736007,Salad,3,5.0,15.0,Credit Card,In-store,2025-11-19
125,TXN_3742480,Juice,1,3.0,3.0,,,2025-11-19
126,TXN_5862622,Cookie,2,1.0,2.0,Cash,,2025-11-19
127,TXN_4371363,Cookie,4,1.0,4.0,Digital Wallet,In-store,2025-11-19
128,TXN_9652242,Juice,3,3.0,9.0,,UNKNOWN,2025-11-19
129,TXN_5838833,Juice,1,ERROR,3.0,Credit Card,In-store,2025-11-19
130,TXN_6308769,Sandwich,3,4.0,12.0,Credit Card,Takeaway,2025-11-19
131,TXN_8670920,Coffee,1,2.0,2.0,,,2025-11-19
132,TXN_4831749,Sandwich,2,4.0,UNKNOWN,,Takeaway,2025-11-19
133,TXN_9766876,Tea,3,1.5,4.5,Cash,Takeaway,2025-11-19
134,TXN_6976720,Coffee,4,2.0,8.0,Credit Card,UNKNOWN,2025-11-19
135,TXN_2993337,Salad,5,5.0,25.0,,In-store,2025-11-19
136,TXN_5770804,,4,1.5,6.0,Credit Card,In-store,2025-11-19
137,TXN_5863941,UNKNOWN,4,3.0,12.0,,Takeaway,2025-11-19
138,TXN_3757735,Smoothie,3,4.0,ERROR,Cash,,2025-11-19
139,TXN_0662745,Sandwich,5,4.0,20.0,Credit Card,,2025-11-19
140,TXN_0927890,Smoothie,ERROR,4.0,20.0,Cash,,2025-11-19
141,TXN_3619206,Cake,5,3.0,15.0,Credit Card,In-store,2025-11-19
142,TXN_8727550,Tea,1,1.5,1.5,Digital Wallet,,2025-11-19
143,TXN_0503562,ERROR,5,3.0,15.0,Digital Wallet,Takeaway,2025-11-19
144,TXN_4864642,Smoothie,4,4.0,16.0,ERROR,,2025-11-19
145,TXN_7298475,Juice,3,3.0,9.0,Cash,In-store,2025-11-19
146,TXN_3748008,Sandwich,4,4.0,16.0,Cash,,2025-11-19
147,TXN_1251939,Sandwich,4,4.0,16.0,,Takeaway,2025-11-19
148,TXN_7674250,Tea,2,1.5,3.0,Credit Card,In-store,2025-11-19
149,TXN_1066921,Smoothie,1,4.0,ERROR,Digital Wallet,In-store,2025-11-19
150,TXN_8662628,Coffee,5,2.0,10.0,Digital Wallet,Takeaway,2025-11-19
151,TXN_6544769,Salad,2,5.0,10.0,Cash,In-store,2025-11-19
152,TXN_5233466,Coffee,1,2.0,2.0,Digital Wallet,In-store,2025-11-19
153,TXN_2763245,,3,5.0,,Cash,Takeaway,2025-11-19
154,TXN_9496146,Cookie,2,1.0,2.0,Credit Card,In-store,2025-11-19
155,TXN_3634760,Cake,1,,3.0,,Takeaway,2025-11-19
156,TXN_4546964,Salad,5,5.0,25.0,Digital Wallet,In-store,2025-11-19
157,TXN_4775337,Sandwich,5,4.0,20.0,Digital Wallet,,2025-11-19
158,TXN_1462517,Sandwich,5,4.0,20.0,Digital Wallet,Takeaway,2025-11-19
159,TXN_6189489,Smoothie,5,4.0,UNKNOWN,Digital Wallet,In-store,2025-11-19
160,TXN_4109272,Cake,1,3.0,3.0,Credit Card,Takeaway,2025-11-19
161,TXN_6757516,Salad,2,5.0,10.0,Credit Card,,2025-11-19
162,TXN_8673294,Sandwich,5,4.0,UNKNOWN,Credit Card,Takeaway,2025-11-19
163,TXN_1563436,Coffee,2,2.0,4.0,Credit Card,,2025-11-19
164,TXN_3040364,Sandwich,3,4.0,12.0,Digital Wallet,,2025-11-19
165,TXN_1782641,Tea,5,1.5,ERROR,,,2025-11-19
166,TXN_1656187,Cake,5,3.0,15.0,Credit Card,,2025-11-19
167,TXN_5673478,Salad,1,5.0,5.0,ERROR,,2025-11-19
168,TXN_4120583,Juice,5,3.0,15.0,Digital Wallet,,2025-11-19
169,TXN_6343248,Smoothie,3,4.0,12.0,ERROR,,2025-11-19
170,TXN_9877458,Cake,2,3.0,6.0,Digital Wallet,In-store,2025-11-19
171,TXN_5112042,Cake,2,3.0,6.0,Cash,In-store,2025-11-19
172,TXN_0835257,Tea,1,1.5,1.5,,Takeaway,2025-11-19
173,TXN_5389223,Coffee,UNKNOWN,2.0,6.0,,Takeaway,2025-11-19
174,TXN_9762963,Juice,5,3.0,15.0,UNKNOWN,,2025-11-19
175,TXN_7327689,Smoothie,3,4.0,12.0,Credit Card,In-store,2025-11-19
176,TXN_0968541,Tea,5,1.5,7.5,Credit Card,,2025-11-19
177,TXN_9452236,Juice,2,UNKNOWN,6.0,Digital Wallet,,2025-11-19
178,TXN_4621979,Sandwich,1,4.0,4.0,Credit Card,In-store,2025-11-19
179,TXN_2748353,Smoothie,2,4.0,8.0,Cash,In-store,2025-11-19
180,TXN_2995805,UNKNOWN,2,,3.0,Credit Card,In-store,2025-11-19
181,TXN_9075571,Coffee,4,2.0,8.0,Digital Wallet,Takeaway,2025-11-19
182,TXN_3420884,Cookie,1,1.0,1.0,Credit Card,,2025-11-19
183,TXN_0596853,Juice,3,3.0,9.0,Credit Card,,2025-11-19
184,TXN_2797191,Salad,3,5.0,15.0,UNKNOWN,,2025-11-19
185,TXN_1807321,Juice,4,3.0,12.0,,,2025-11-19
186,TXN_8441664,Cake,3,3.0,9.0,Digital Wallet,In-store,2025-11-19
187,TXN_0330893,Coffee,4,2.0,8.0,Cash,,2025-11-19
188,TXN_0948467,Juice,3,3.0,9.0,Cash,,2025-11-19
189,TXN_4229912,Smoothie,5,4.0,20.0,Digital Wallet,In-store,2025-11-19
190,TXN_9190866,Smoothie,1,4.0,4.0,,,2025-11-19
191,TXN_0188297,Sandwich,2,4.0,UNKNOWN,,Takeaway,2025-11-19
192,TXN_9197143,Cookie,2,1.0,2.0,Credit Card,Takeaway,2025-11-19
193,TXN_2367691,Coffee,2,2.0,4.0,Credit Card,,2025-11-19
194,TXN_4331772,Sandwich,4,4.0,16.0,Cash,,2025-11-19
195,TXN_3316079,Coffee,5,2.0,10.0,Credit Card,Takeaway,2025-11-19
196,TXN_1412118,Cake,3,3.0,9.0,Cash,Takeaway,2025-11-19
197,TXN_4046586,Cake,5,3.0,15.0,,,2025-11-19
198,TXN_9582511,Tea,2,1.5,3.0,Credit Card,,2025-11-19
199,TXN_4486915,Cookie,1,1.0,1.0,Digital Wallet,Takeaway,2025-11-19
200,TXN_6590540,Sandwich,3,4.0,12.0,,In-store,2025-11-19
201,TXN_2740960,Salad,1,ERROR,5.0,,,2025-11-19
202,TXN_2011206,Salad,4,5.0,20.0,Credit Card,In-store,2025-11-19
203,TXN_8742061,Coffee,4,2.0,8.0,UNKNOWN,In-store,2025-11-19
204,TXN_8921828,Tea,3,1.5,4.5,Cash,UNKNOWN,2025-11-19
205,TXN_8436490,Salad,1,5.0,5.0,Cash,Takeaway,2025-11-19
206,TXN_6395126,Cake,4,3.0,12.0,,Takeaway,2025-11-19
207,TXN_1113996,Cake,5,3.0,15.0,Cash,Takeaway,2025-11-19
208,TXN_8376112,Cake,2,3.0,6.0,ERROR,In-store,2025-11-19
209,TXN_9798373,Juice,3,3.0,9.0,,,2025-11-19
210,TXN_4964909,Cake,2,3.0,6.0,,,2025-11-19
211,TXN_9213040,Cookie,4,ERROR,4.0,Cash,,2025-11-19
212,TXN_8063874,Salad,3,5.0,15.0,Digital Wallet,Takeaway,2025-11-19
213,TXN_2606187,Smoothie,4,4.0,UNKNOWN,,In-store,2025-11-19
214,TXN_1713823,Coffee,2,2.0,4.0,ERROR,,2025-11-19
215,TXN_5703036,Juice,3,3.0,9.0,,Takeaway,2025-11-19
216,TXN_5957267,Smoothie,5,4.0,20.0,,,2025-11-19
217,TXN_0400943,Coffee,3,2.0,6.0,Digital Wallet,Takeaway,2025-11-19
218,TXN_2709866,Sandwich,4,4.0,16.0,Cash,In-store,2025-11-19
219,TXN_7705496,Sandwich,5,4.0,20.0,,In-store,2025-11-19
220,TXN_6214021,Smoothie,1,4.0,4.0,Cash,ERROR,2025-11-19
221,TXN_5248034,Sandwich,5,4.0,20.0,Credit Card,,2025-11-19
222,TXN_2534178,ERROR,5,1.5,7.5,Credit Card,Takeaway,2025-11-19
223,TXN_3496246,Smoothie,4,4.0,16.0,Cash,Takeaway,2025-11-19
224,TXN_4814080,Cookie,4,1.0,4.0,,In-store,2025-11-19
225,TXN_1552110,Sandwich,3,4.0,12.0,UNKNOWN,In-store,2025-11-19
226,TXN_9380336,Coffee,4,2.0,8.0,,In-store,2025-11-19
227,TXN_5299405,Coffee,4,2.0,,UNKNOWN,Takeaway,2025-11-19
228,TXN_7271515,Smoothie,2,4.0,8.0,Digital Wallet,ERROR,2025-11-19
229,TXN_2458956,Sandwich,2,4.0,8.0,,Takeaway,2025-11-19
230,TXN_8898613,Cake,2,3.0,UNKNOWN,Cash,UNKNOWN,2025-11-19
231,TXN_4391065,Smoothie,4,4.0,16.0,Digital Wallet,ERROR,2025-11-19
232,TXN_1793698,Cake,3,3.0,9.0,UNKNOWN,,2025-11-19
233,TXN_6806051,Cake,2,3.0,6.0,Cash,In-store,2025-11-19
234,TXN_5405893,Coffee,3,2.0,6.0,Digital Wallet,In-store,2025-11-19
235,TXN_8191133,Cookie,2,1.0,2.0,Cash,Takeaway,2025-11-19
236,TXN_7805665,Salad,2,5.0,10.0,,,2025-11-19
237,TXN_4714597,Cake,2,3.0,6.0,,Takeaway,2025-11-19
238,TXN_8648697,Coffee,5,2.0,10.0,,,2025-11-19
239,TXN_3544904,Salad,3,5.0,15.0,Cash,In-store,2025-11-19
240,TXN_0324391,Juice,1,3.0,3.0,Digital Wallet,UNKNOWN,2025-11-19
241,TXN_3298138,Salad,2,5.0,10.0,,Takeaway,2025-11-19
242,TXN_4584132,ERROR,2,5.0,10.0,Credit Card,Takeaway,2025-11-19
243,TXN_5906276,Coffee,3,2.0,6.0,Cash,Takeaway,2025-11-19
244,TXN_3456243,Cake,5,3.0,15.0,,In-store,2025-11-19
245,TXN_5796690,Cookie,5,1.0,5.0,Digital Wallet,Takeaway,2025-11-19
246,TXN_2456648,,5,4.0,20.0,,In-store,2025-11-19
247,TXN_1828319,Smoothie,5,4.0,UNKNOWN,Credit Card,Takeaway,2025-11-19
248,TXN_6720383,Salad,5,5.0,25.0,,In-store,2025-11-19
249,TXN_8240050,Tea,2,1.5,3.0,,In-store,2025-11-19
250,TXN_9174094,Smoothie,2,4.0,8.0,Digital Wallet,In-store,2025-11-19
251,TXN_1361776,Cookie,5,1.0,5.0,Digital Wallet,In-store,2025-11-19
252,TXN_7523414,Salad,5,5.0,25.0,Credit Card,Takeaway,2025-11-19
253,TXN_4397998,Juice,5,3.0,15.0,Digital Wallet,,2025-11-19
254,TXN_1007435,Salad,1,5.0,5.0,,Takeaway,2025-11-19
255,TXN_2088028,Smoothie,5,4.0,20.0,Credit Card,In-store,2025-11-19
256,TXN_1771050,UNKNOWN,3,2.0,ERROR,Digital Wallet,Takeaway,2025-11-19
257,TXN_8796572,Juice,1,3.0,3.0,Credit Card,In-store,2025-11-19
258,TXN_8265417,Cake,1,3.0,UNKNOWN,ERROR,In-store,2025-11-19
259,TXN_6978764,Salad,ERROR,5.0,10.0,ERROR,,2025-11-19
260,TXN_2157051,Coffee,4,2.0,8.0,Digital Wallet,Takeaway,2025-11-19
261,TXN_9957688,Juice,3,3.0,9.0,,In-store,2025-11-19
262,TXN_0766308,Tea,5,1.5,7.5,Credit Card,Takeaway,2025-11-19
263,TXN_7973282,,2,1.5,3.0,Digital Wallet,,2025-11-19
264,TXN_2730956,Sandwich,5,4.0,UNKNOWN,Digital Wallet,In-store,2025-11-19
265,TXN_9167281,Sandwich,2,4.0,8.0,Credit Card,,2025-11-19
266,TXN_4815828,Coffee,3,2.0,6.0,Credit Card,,2025-11-19
267,TXN_0029870,Cookie,5,1.0,5.0,Cash,ERROR,2025-11-19
268,TXN_5587285,Coffee,1,2.0,2.0,Digital Wallet,,2025-11-19
269,TXN_1729026,Sandwich,,4.0,20.0,Credit Card,,2025-11-19
270,TXN_4524607,Tea,1,1.5,1.5,Digital Wallet,In-store,2025-11-19
271,TXN_6857334,Salad,1,5.0,5.0,Credit Card,,2025-11-19
272,TXN_7965949,Tea,UNKNOWN,1.5,3.0,Digital Wallet,In-store,2025-11-19
273,TXN_3711805,Sandwich,4,4.0,16.0,Cash,Takeaway,2025-11-19
274,TXN_4441589,Salad,4,5.0,20.0,,In-store,2025-11-19
275,TXN_9997075,Salad,5,5.0,25.0,Digital Wallet,ERROR,2025-11-19
276,TXN_5480719,Smoothie,4,4.0,16.0,Digital Wallet,,2025-11-19
277,TXN_3348189,Salad,4,5.0,20.0,Credit Card,In-store,2025-11-19
278,TXN_2972942,Juice,1,,3.0,Digital Wallet,In-store,2025-11-19
279,TXN_4125760,Juice,5,3.0,15.0,Credit Card,,2025-11-19
280,TXN_3080637,Cake,1,3.0,3.0,Credit Card,In-store,2025-11-19
281,TXN_2585162,Tea,5,1.5,7.5,,In-store,2025-11-19
282,TXN_7439752,Cake,5,3.0,15.0,Cash,ERROR,2025-11-19
283,TXN_9069084,Smoothie,4,4.0,16.0,Credit Card,,2025-11-19
284,TXN_4499034,Salad,3,5.0,15.0,UNKNOWN,,2025-11-19
285,TXN_4928164,Juice,5,3.0,15.0,Cash,In-store,2025-11-19
286,TXN_2812512,Sandwich,3,4.0,12.0,Cash,,2025-11-19
287,TXN_0981672,Smoothie,3,4.0,12.0,Cash,In-store,2025-11-19
288,TXN_2933798,Cake,4,3.0,12.0,Digital Wallet,In-store,2025-11-19
289,TXN_5802331,Sandwich,2,4.0,8.0,Cash,Takeaway,2025-11-19
290,TXN_3483601,Coffee,3,2.0,6.0,Credit Card,In-store,2025-11-19
291,TXN_8699994,Smoothie,4,4.0,16.0,,In-store,2025-11-19
292,TXN_2169302,Coffee,2,2.0,4.0,Cash,,2025-11-19
293,TXN_7594575,Cake,5,3.0,15.0,Credit Card,In-store,2025-11-19
294,TXN_4440131,Coffee,5,2.0,10.0,,In-store,2025-11-19
295,TXN_9459831,Cookie,3,1.0,3.0,,,2025-11-19
296,TXN_1483616,Coffee,2,2.0,4.0,Digital Wallet,UNKNOWN,2025-11-19
297,TXN_8602250,Salad,4,5.0,20.0,Cash,,2025-11-19
298,TXN_7722056,Cookie,3,1.0,3.0,Cash,ERROR,2025-11-19
299,TXN_4049674,Coffee,1,2.0,2.0,Digital Wallet,,2025-11-19
300,TXN_5455194,UNKNOWN,3,2.0,6.0,Digital Wallet,In-store,2025-11-19
301,TXN_3211961,Cookie,ERROR,1.0,1.0,Credit Card,Takeaway,2025-11-19
302,TXN_6106882,Smoothie,4,4.0,16.0,Digital Wallet,ERROR,2025-11-19
303,TXN_1783063,Smoothie,4,4.0,ERROR,Digital Wallet,In-store,2025-11-19
304,TXN_4414501,Cookie,2,1.0,2.0,,,2025-11-19
305,TXN_2903620,,3,UNKNOWN,3.0,Digital Wallet,,2025-11-19
306,TXN_7896524,Juice,3,3.0,9.0,Credit Card,In-store,2025-11-19
307,TXN_3166847,Salad,3,ERROR,15.0,Cash,,2025-11-19
308,TXN_8637727,Tea,5,UNKNOWN,7.5,ERROR,UNKNOWN,2025-11-19
309,TXN_9401684,,ERROR,2.0,2.0,Digital Wallet,Takeaway,2025-11-19
310,TXN_0198776,Juice,3,3.0,9.0,Cash,In-store,2025-11-19
311,TXN_1841339,UNKNOWN,,5.0,20.0,Cash,,2025-11-19
312,TXN_6874145,Coffee,1,2.0,2.0,,UNKNOWN,2025-11-19
313,TXN_4227586,Cookie,3,1.0,3.0,,In-store,2025-11-19
314,TXN_9590496,Smoothie,5,4.0,20.0,Credit Card,Takeaway,2025-11-19
315,TXN_3976174,Salad,3,5.0,15.0,Credit Card,Takeaway,2025-11-19
316,TXN_2574427,Juice,1,3.0,3.0,Cash,In-store,2025-11-19
317,TXN_8004405,Sandwich,1,4.0,4.0,Credit Card,,2025-11-19
318,TXN_7873048,Smoothie,3,4.0,12.0,Credit Card,In-store,2025-11-19
319,TXN_1777905,Sandwich,5,4.0,20.0,Digital Wallet,Takeaway,2025-11-19
320,TXN_9090718,Cake,3,3.0,9.0,,Takeaway,2025-11-19
321,TXN_6554442,Tea,2,1.5,3.0,Credit Card,Takeaway,2025-11-19
322,TXN_7029338,Smoothie,2,4.0,8.0,Digital Wallet,,2025-11-19
323,TXN_1793725,Juice,4,3.0,,Cash,In-store,2025-11-19
324,TXN_1404926,Juice,3,3.0,9.0,Credit Card,Takeaway,2025-11-19
325,TXN_3242376,ERROR,2,1.0,2.0,Cash,UNKNOWN,2025-11-19
326,TXN_5675765,Juice,2,3.0,6.0,Credit Card,In-store,2025-11-19
327,TXN_1857356,Juice,2,3.0,6.0,Cash,,2025-11-19
328,TXN_7186960,Cookie,1,1.0,,Credit Card,,2025-11-19
329,TXN_7557433,Smoothie,1,4.0,4.0,,,2025-11-19
330,TXN_0378036,Cookie,4,1.0,4.0,Credit Card,,2025-11-19
331,TXN_3277396,Juice,2,3.0,6.0,Cash,Takeaway,2025-11-19
332,TXN_2218593,Sandwich,1,4.0,4.0,Credit Card,,2025-11-19
333,TXN_2575086,Coffee,,2.0,4.0,Credit Card,Takeaway,2025-11-19
334,TXN_9093362,Salad,1,5.0,5.0,,In-store,2025-11-19
335,TXN_3263372,ERROR,2,4.0,8.0,Credit Card,In-store,2025-11-19
336,TXN_6006191,Salad,3,UNKNOWN,15.0,,In-store,2025-11-19
337,TXN_2806283,Salad,UNKNOWN,UNKNOWN,5.0,,In-store,2025-11-19
338,TXN_0454793,Tea,4,1.5,,Digital Wallet,In-store,2025-11-19
339,TXN_2241007,Coffee,2,2.0,4.0,Cash,In-store,2025-11-19
340,TXN_2107441,Sandwich,2,ERROR,8.0,Digital Wallet,,2025-11-19
341,TXN_3894474,Cake,4,3.0,12.0,Digital Wallet,,2025-11-19
342,TXN_6329932,Salad,5,5.0,25.0,,,2025-11-19
343,TXN_1404256,Smoothie,4,4.0,16.0,Digital Wallet,ERROR,2025-11-19
344,TXN_3363859,Salad,1,5.0,5.0,Cash,In-store,2025-11-19
345,TXN_2980661,Juice,1,3.0,3.0,,,2025-11-19
346,TXN_6956249,Tea,1,1.5,1.5,Digital Wallet,,2025-11-19
347,TXN_2138164,Coffee,4,2.0,8.0,Credit Card,,2025-11-19
348,TXN_5948277,,2,1.0,2.0,Cash,In-store,2025-11-19
349,TXN_7994420,Smoothie,2,4.0,8.0,,In-store,2025-11-19
350,TXN_9240433,Tea,3,1.5,4.5,Cash,In-store,2025-11-19
351,TXN_1081009,Tea,5,1.5,7.5,Digital Wallet,,2025-11-19
352,TXN_4248179,Salad,4,5.0,20.0,Credit Card,In-store,2025-11-19
353,TXN_3990883,Juice,2,3.0,6.0,Digital Wallet,In-store,2025-11-19
354,TXN_8537441,Cake,5,3.0,15.0,,,2025-11-19
355,TXN_3271425,Cake,4,3.0,12.0,Credit Card,In-store,2025-11-19
356,TXN_2781061,Cookie,5,1.0,5.0,Credit Card,Takeaway,2025-11-19
357,TXN_3850964,Cookie,4,1.0,4.0,Cash,Takeaway,2025-11-19
358,TXN_8960588,Cake,2,3.0,6.0,Cash,In-store,2025-11-19
359,TXN_1213700,Juice,3,3.0,9.0,UNKNOWN,In-store,2025-11-19
360,TXN_7596610,Juice,2,3.0,6.0,,Takeaway,2025-11-19
361,TXN_4374941,Coffee,5,2.0,10.0,Cash,In-store,2025-11-19
362,TXN_6977933,Salad,2,5.0,10.0,Credit Card,UNKNOWN,2025-11-19
363,TXN_0835665,Juice,4,ERROR,12.0,Credit Card,In-store,2025-11-19
364,TXN_8966576,Sandwich,4,4.0,16.0,Credit Card,In-store,2025-11-19
365,TXN_7254532,Sandwich,1,4.0,4.0,Credit Card,In-store,2025-11-19
366,TXN_7881876,Cake,2,3.0,6.0,UNKNOWN,UNKNOWN,2025-11-19
367,TXN_5759307,,1,3.0,3.0,,In-store,2025-11-19
368,TXN_8643354,Tea,3,ERROR,UNKNOWN,Digital Wallet,,2025-11-19
369,TXN_7210830,Juice,5,3.0,15.0,Cash,Takeaway,2025-11-19
370,TXN_9077236,Sandwich,3,4.0,12.0,Digital Wallet,,2025-11-19
371,TXN_0762653,Sandwich,4,4.0,16.0,Credit Card,,2025-11-19
372,TXN_0281746,UNKNOWN,5,2.0,10.0,Digital Wallet,Takeaway,2025-11-19
373,TXN_5126407,Juice,1,3.0,3.0,Cash,,2025-11-19
374,TXN_8946923,Sandwich,4,4.0,16.0,Cash,In-store,2025-11-19
375,TXN_9464510,Tea,4,1.5,6.0,Credit Card,Takeaway,2025-11-19
376,TXN_9523341,Tea,4,1.5,6.0,,Takeaway,2025-11-19
377,TXN_1275570,Tea,2,1.5,3.0,Digital Wallet,In-store,2025-11-19
378,TXN_7690514,Tea,5,UNKNOWN,7.5,Credit Card,,2025-11-19
379,TXN_7179509,Tea,5,1.5,7.5,,In-store,2025-11-19
380,TXN_3612186,Tea,3,1.5,4.5,,Takeaway,2025-11-19
381,TXN_2079349,Coffee,4,2.0,8.0,,Takeaway,2025-11-19
382,TXN_9933229,Juice,5,3.0,UNKNOWN,,Takeaway,2025-11-19
383,TXN_6188607,Smoothie,1,4.0,4.0,Cash,Takeaway,2025-11-19
384,TXN_6025202,Sandwich,1,4.0,4.0,Cash,,2025-11-19
385,TXN_9751524,Coffee,5,2.0,10.0,,Takeaway,2025-11-19
386,TXN_1414549,Juice,4,3.0,UNKNOWN,ERROR,In-store,2025-11-19
387,TXN_3370943,Sandwich,3,4.0,12.0,,Takeaway,2025-11-19
388,TXN_5142029,Coffee,5,2.0,10.0,Digital Wallet,Takeaway,2025-11-19
389,TXN_1191918,Smoothie,4,4.0,16.0,Credit Card,,2025-11-19
390,TXN_3331962,Sandwich,4,4.0,16.0,Cash,In-store,2025-11-19
391,TXN_0460287,Juice,4,3.0,12.0,Credit Card,,2025-11-19
392,TXN_1074448,Cookie,5,1.0,5.0,,Takeaway,2025-11-19
393,TXN_1006096,Tea,1,1.5,1.5,Digital Wallet,Takeaway,2025-11-19
394,TXN_1074591,Cake,2,3.0,6.0,Credit Card,In-store,2025-11-19
395,TXN_5660963,Tea,4,1.5,6.0,Digital Wallet,,2025-11-19
396,TXN_2730741,Juice,,3.0,9.0,Cash,Takeaway,2025-11-19
397,TXN_7364790,Tea,3,1.5,4.5,,,2025-11-19
398,TXN_8467209,Sandwich,5,4.0,20.0,Cash,,2025-11-19
399,TXN_1907465,Sandwich,5,4.0,20.0,Digital Wallet,,2025-11-19
400,TXN_5209199,Salad,3,5.0,15.0,Digital Wallet,,2025-11-19
401,TXN_1948729,Juice,2,3.0,6.0,Digital Wallet,Takeaway,2025-11-19
402,TXN_6643850,Cookie,5,1.0,5.0,Credit Card,,2025-11-19
403,TXN_6049160,Tea,5,1.5,7.5,Cash,,2025-11-19
404,TXN_0322938,Cookie,3,1.0,3.0,Cash,In-store,2025-11-19
405,TXN_3223766,Tea,3,1.5,4.5,Digital Wallet,In-store,2025-11-19
406,TXN_0988436,Juice,4,3.0,12.0,Credit Card,Takeaway,2025-11-19
407,TXN_9851444,Cookie,2,1.0,2.0,Digital Wallet,,2025-11-19
408,TXN_0078473,Cookie,4,1.0,4.0,,Takeaway,2025-11-19
409,TXN_7419280,Juice,2,3.0,6.0,Credit Card,Takeaway,2025-11-19
410,TXN_7109124,UNKNOWN,3,1.0,3.0,Credit Card,,2025-11-19
411,TXN_5192072,Coffee,1,2.0,2.0,Digital Wallet,,2025-11-19
412,TXN_7679000,Salad,5,5.0,25.0,ERROR,,2025-11-19
413,TXN_4224757,Smoothie,4,4.0,16.0,Credit Card,ERROR,2025-11-19
414,TXN_6283142,Tea,3,1.5,4.5,Credit Card,In-store,2025-11-19
415,TXN_3697623,Coffee,,2.0,10.0,Digital Wallet,,2025-11-19
416,TXN_6877252,Smoothie,3,4.0,12.0,Credit Card,In-store,2025-11-19
417,TXN_2792897,Tea,2,1.5,3.0,Credit Card,,2025-11-19
418,TXN_3039013,Salad,2,5.0,10.0,UNKNOWN,Takeaway,2025-11-19
419,TXN_7490495,Tea,5,1.5,7.5,Credit Card,Takeaway,2025-11-19
420,TXN_5623882,UNKNOWN,5,,15.0,,,2025-11-19
421,TXN_8617545,Tea,4,1.5,6.0,,,2025-11-19
422,TXN_0337936,Tea,4,1.5,6.0,,In-store,2025-11-19
423,TXN_7572796,Coffee,UNKNOWN,2.0,2.0,Cash,In-store,2025-11-19
424,TXN_6911041,Tea,1,1.5,1.5,ERROR,Takeaway,2025-11-19
425,TXN_1120942,ERROR,2,5.0,10.0,Digital Wallet,In-store,2025-11-19
426,TXN_0223097,Sandwich,3,4.0,12.0,Digital Wallet,ERROR,2025-11-19
427,TXN_5204503,Sandwich,3,4.0,12.0,Digital Wallet,Takeaway,2025-11-19
428,TXN_7773296,Cookie,5,1.0,5.0,Credit Card,,2025-11-19
429,TXN_2566213,Cookie,5,1.0,5.0,Digital Wallet,Takeaway,2025-11-19
430,TXN_5408974,Smoothie,3,4.0,12.0,Credit Card,UNKNOWN,2025-11-19
431,TXN_7048012,Cake,2,3.0,6.0,Credit Card,Takeaway,2025-11-19
432,TXN_9076622,Cake,UNKNOWN,3.0,3.0,UNKNOWN,,2025-11-19
433,TXN_7236970,Cake,3,3.0,9.0,Cash,ERROR,2025-11-19
434,TXN_7886822,Cake,4,3.0,12.0,Digital Wallet,In-store,2025-11-19
435,TXN_8454464,Cookie,2,,2.0,Credit Card,In-store,2025-11-19
436,TXN_1690684,Smoothie,2,4.0,8.0,Credit Card,In-store,2025-11-19
437,TXN_3021343,Juice,3,3.0,9.0,,Takeaway,2025-11-19
438,TXN_1962370,Sandwich,2,4.0,UNKNOWN,Cash,Takeaway,2025-11-19
439,TXN_2575798,Cake,5,3.0,15.0,Cash,Takeaway,2025-11-19
440,TXN_4359324,Cookie,2,1.0,2.0,Digital Wallet,Takeaway,2025-11-19
441,TXN_2254141,Smoothie,5,4.0,20.0,Digital Wallet,Takeaway,2025-11-19
442,TXN_1412163,Salad,5,5.0,25.0,Digital Wallet,In-store,2025-11-19
443,TXN_6655807,Tea,UNKNOWN,1.5,4.5,,,2025-11-19
444,TXN_5420656,Salad,5,5.0,25.0,Cash,In-store,2025-11-19
445,TXN_1880055,Juice,,3.0,6.0,,In-store,2025-11-19
446,TXN_2530512,Salad,3,5.0,15.0,Credit Card,,2025-11-19
447,TXN_5262461,Smoothie,1,4.0,UNKNOWN,Digital Wallet,,2025-11-19
448,TXN_6929830,Sandwich,5,4.0,20.0,Digital Wallet,In-store,2025-11-19
449,TXN_8645132,Juice,3,UNKNOWN,9.0,Cash,Takeaway,2025-11-19
450,TXN_1852110,Salad,1,5.0,5.0,Cash,Takeaway,2025-11-19
451,TXN_7681792,Cake,5,3.0,15.0,Cash,,2025-11-19
452,TXN_4433027,Coffee,5,2.0,10.0,,Takeaway,2025-11-19
453,TXN_0853749,Cake,UNKNOWN,3.0,12.0,Cash,Takeaway,2025-11-19
454,TXN_6298173,Smoothie,4,4.0,16.0,,In-store,2025-11-19
455,TXN_3603744,Cake,5,3.0,15.0,Cash,,2025-11-19
456,TXN_0818370,Sandwich,5,4.0,20.0,Credit Card,,2025-11-19
457,TXN_9596071,Cookie,,1.0,2.0,Credit Card,Takeaway,2025-11-19
458,TXN_5207724,Salad,UNKNOWN,5.0,25.0,Cash,Takeaway,2025-11-19
459,TXN_8662085,Cake,1,3.0,3.0,Digital Wallet,In-store,2025-11-19
460,TXN_9629396,Coffee,3,2.0,6.0,Credit Card,In-store,2025-11-19
461,TXN_7077878,Smoothie,5,4.0,20.0,Digital Wallet,In-store,2025-11-19
462,TXN_0160268,Coffee,1,2.0,2.0,Credit Card,,2025-11-19
463,TXN_1320108,Salad,2,5.0,10.0,,In-store,2025-11-19
464,TXN_6633451,Juice,3,3.0,9.0,Digital Wallet,Takeaway,2025-11-19
465,TXN_9448962,Tea,3,1.5,4.5,Cash,In-store,2025-11-19
466,TXN_9856127,Tea,2,1.5,3.0,,,2025-11-19
467,TXN_6464759,UNKNOWN,UNKNOWN,2.0,4.0,,,2025-11-19
468,TXN_4231016,Salad,4,5.0,20.0,Credit Card,In-store,2025-11-19
469,TXN_7655969,Smoothie,4,4.0,16.0,,,2025-11-19
470,TXN_3236426,Coffee,2,2.0,4.0,Digital Wallet,Takeaway,2025-11-19
471,TXN_3838968,UNKNOWN,1,2.0,2.0,ERROR,Takeaway,2025-11-19
472,TXN_3900166,Juice,4,3.0,UNKNOWN,Credit Card,In-store,2025-11-19
473,TXN_4173250,Juice,5,3.0,15.0,,In-store,2025-11-19
474,TXN_0855274,Salad,4,5.0,20.0,Digital Wallet,In-store,2025-11-19
475,TXN_0692705,Juice,2,3.0,6.0,Cash,Takeaway,2025-11-19
476,TXN_5634798,Salad,1,5.0,5.0,,In-store,2025-11-19
477,TXN_8745090,Tea,4,1.5,6.0,,In-store,2025-11-19
478,TXN_6592650,Juice,3,3.0,UNKNOWN,Digital Wallet,UNKNOWN,2025-11-19
479,TXN_9012978,Cookie,1,1.0,1.0,Digital Wallet,,2025-11-19
480,TXN_4795429,Salad,1,5.0,5.0,,,2025-11-19
481,TXN_2086694,Sandwich,1,ERROR,4.0,,,2025-11-19
482,TXN_8774009,Smoothie,5,4.0,20.0,ERROR,In-store,2025-11-19
483,TXN_2167625,Juice,3,3.0,ERROR,Digital Wallet,Takeaway,2025-11-19
484,TXN_4522474,UNKNOWN,1,ERROR,4.0,Credit Card,,2025-11-19
485,TXN_9580340,Juice,1,3.0,3.0,Cash,Takeaway,2025-11-19
486,TXN_6697496,Coffee,ERROR,2.0,8.0,,Takeaway,2025-11-19
487,TXN_7087827,Coffee,5,2.0,10.0,Cash,Takeaway,2025-11-19
488,TXN_5852032,Salad,2,5.0,10.0,Digital Wallet,In-store,2025-11-19
489,TXN_2843667,Coffee,4,2.0,8.0,ERROR,,2025-11-19
490,TXN_5230827,Sandwich,5,ERROR,20.0,Cash,Takeaway,2025-11-19
491,TXN_7955161,Sandwich,2,4.0,8.0,Credit Card,,2025-11-19
492,TXN_3969725,Cake,5,3.0,15.0,Credit Card,In-store,2025-11-19
493,TXN_5809456,Juice,4,3.0,12.0,Digital Wallet,,2025-11-19
494,TXN_3420809,Smoothie,3,4.0,12.0,Digital Wallet,Takeaway,2025-11-19
495,TXN_3161774,Cookie,3,1.0,UNKNOWN,,,2025-11-19
496,TXN_8463595,Salad,3,5.0,15.0,Credit Card,In-store,2025-11-19
497,TXN_1863471,Cookie,2,1.0,2.0,Credit Card,,2025-11-19
498,TXN_5186563,Cake,1,3.0,3.0,ERROR,In-store,2025-11-19
499,TXN_0293687,Coffee,2,2.0,4.0,Cash,In-store,2025-11-19
500,TXN_1582355,Sandwich,1,4.0,4.0,,,2025-11-19
501,TXN_6194890,UNKNOWN,1,1.0,1.0,Digital Wallet,,2025-11-19
502,TXN_7775142,Salad,3,5.0,15.0,,In-store,2025-11-19
503,TXN_6384808,Cookie,2,,2.0,Credit Card,In-store,2025-11-19
504,TXN_6299707,Cake,4,3.0,12.0,Cash,UNKNOWN,2025-11-19
505,TXN_9081255,Cookie,1,UNKNOWN,1.0,Cash,,2025-11-19
506,TXN_4093606,Cookie,1,1.0,1.0,Credit Card,Takeaway,2025-11-19
507,TXN_6196798,UNKNOWN,4,5.0,20.0,Cash,In-store,2025-11-19
508,TXN_4302846,Coffee,1,2.0,2.0,Credit Card,In-store,2025-11-19
509,TXN_6019743,Tea,5,1.5,7.5,Cash,Takeaway,2025-11-19
510,TXN_9930460,Sandwich,1,4.0,4.0,,Takeaway,2025-11-19
511,TXN_1074246,Cake,2,3.0,6.0,,,2025-11-19
512,TXN_7753363,Juice,UNKNOWN,3.0,15.0,,In-store,2025-11-19
513,TXN_5324791,UNKNOWN,5,5.0,25.0,Digital Wallet,,2025-11-19
514,TXN_1268427,Tea,2,1.5,3.0,Cash,In-store,2025-11-19
515,TXN_4706586,Tea,5,1.5,7.5,Digital Wallet,Takeaway,2025-11-19
516,TXN_0265361,,5,2.0,10.0,Digital Wallet,In-store,2025-11-19
517,TXN_7949683,Cookie,2,1.0,2.0,Credit Card,,2025-11-19
518,TXN_6980400,UNKNOWN,1,1.5,1.5,UNKNOWN,,2025-11-19
519,TXN_3439522,Coffee,1,2.0,2.0,,In-store,2025-11-19
520,TXN_0511587,Smoothie,4,4.0,16.0,UNKNOWN,In-store,2025-11-19
521,TXN_0204464,Juice,5,3.0,15.0,Credit Card,,2025-11-19
522,TXN_2580228,UNKNOWN,1,5.0,5.0,,,2025-11-19
523,TXN_7629640,Tea,2,1.5,3.0,Credit Card,UNKNOWN,2025-11-19
524,TXN_4039890,Sandwich,2,UNKNOWN,8.0,,UNKNOWN,2025-11-19
525,TXN_7920286,Juice,2,3.0,6.0,Digital Wallet,In-store,2025-11-19
526,TXN_8164876,Cake,1,3.0,3.0,Cash,In-store,2025-11-19
527,TXN_9377445,Juice,1,3.0,3.0,Credit Card,In-store,2025-11-19
528,TXN_3770884,Cookie,4,1.0,4.0,ERROR,Takeaway,2025-11-19
529,TXN_6916822,Tea,3,1.5,4.5,Digital Wallet,Takeaway,2025-11-19
530,TXN_7589142,UNKNOWN,3,2.0,6.0,Cash,,2025-11-19
531,TXN_6540615,Cookie,4,1.0,4.0,Digital Wallet,Takeaway,2025-11-19
532,TXN_5965121,Cookie,1,1.0,1.0,Digital Wallet,In-store,2025-11-19
533,TXN_8704581,Sandwich,1,4.0,4.0,Digital Wallet,Takeaway,2025-11-19
534,TXN_2813901,Coffee,1,2.0,2.0,Credit Card,In-store,2025-11-19
535,TXN_2732085,UNKNOWN,4,2.0,8.0,Credit Card,Takeaway,2025-11-19
536,TXN_5110191,,1,3.0,3.0,,,2025-11-19
537,TXN_2818162,Smoothie,3,4.0,12.0,Digital Wallet,Takeaway,2025-11-19
538,TXN_9911950,UNKNOWN,3,1.0,3.0,,Takeaway,2025-11-19
539,TXN_3914319,Coffee,1,2.0,2.0,UNKNOWN,,2025-11-19
540,TXN_0353037,Smoothie,5,4.0,20.0,Digital Wallet,Takeaway,2025-11-19
541,TXN_3612642,Coffee,1,2.0,2.0,Digital Wallet,In-store,2025-11-19
542,TXN_8493074,Salad,2,5.0,10.0,Digital Wallet,,2025-11-19
543,TXN_7177820,Juice,5,3.0,15.0,Credit Card,,2025-11-19
544,TXN_4352278,Cake,2,3.0,6.0,Credit Card,,2025-11-19
545,TXN_8475169,Coffee,5,2.0,10.0,,,2025-11-19
546,TXN_1477273,Cookie,1,1.0,1.0,Credit Card,Takeaway,2025-11-19
547,TXN_9349918,Juice,4,3.0,12.0,Cash,In-store,2025-11-19
548,TXN_9114026,Coffee,4,2.0,8.0,Credit Card,Takeaway,2025-11-19
549,TXN_7079355,Juice,3,3.0,9.0,Digital Wallet,In-store,2025-11-19
550,TXN_5504671,Cookie,4,1.0,4.0,,,2025-11-19
551,TXN_0784521,Cookie,4,1.0,4.0,ERROR,In-store,2025-11-19
552,TXN_0880258,Tea,5,1.5,7.5,Cash,Takeaway,2025-11-19
553,TXN_0312610,Juice,3,3.0,9.0,Digital Wallet,,2025-11-19
554,TXN_1009094,Tea,5,1.5,7.5,Cash,,2025-11-19
555,TXN_7623202,Cake,1,3.0,3.0,,Takeaway,2025-11-19
556,TXN_6306857,Cake,3,3.0,9.0,Digital Wallet,In-store,2025-11-19
557,TXN_1585299,Juice,3,3.0,9.0,,In-store,2025-11-19
558,TXN_6405041,ERROR,5,2.0,10.0,,,2025-11-19
559,TXN_3737384,Tea,5,1.5,7.5,Credit Card,In-store,2025-11-19
560,TXN_4418435,Sandwich,4,4.0,UNKNOWN,,,2025-11-19
561,TXN_1837385,Juice,4,3.0,ERROR,Credit Card,,2025-11-19
562,TXN_4940265,Cake,4,3.0,12.0,Credit Card,In-store,2025-11-19
563,TXN_5571446,Coffee,5,2.0,10.0,Digital Wallet,Takeaway,2025-11-19
564,TXN_5749816,,2,4.0,8.0,Cash,,2025-11-19
565,TXN_4986788,Salad,1,5.0,5.0,Cash,Takeaway,2025-11-19
566,TXN_3386414,Coffee,2,2.0,4.0,Credit Card,In-store,2025-11-19
567,TXN_2137521,Tea,5,1.5,7.5,Digital Wallet,Takeaway,2025-11-19
568,TXN_2105674,Cake,3,3.0,9.0,,Takeaway,2025-11-19
569,TXN_1131535,Cake,2,3.0,6.0,,Takeaway,2025-11-19
570,TXN_1316997,Cookie,4,1.0,4.0,,Takeaway,2025-11-19
571,TXN_5728817,Salad,5,5.0,25.0,Cash,,2025-11-19
572,TXN_5801424,Coffee,2,2.0,4.0,,,2025-11-19
573,TXN_9727661,Cookie,3,1.0,3.0,Credit Card,,2025-11-19
574,TXN_2912418,ERROR,4,5.0,20.0,Digital Wallet,,2025-11-19
575,TXN_6180698,Sandwich,1,4.0,4.0,Credit Card,In-store,2025-11-19
576,TXN_2548111,Salad,5,5.0,25.0,,UNKNOWN,2025-11-19
577,TXN_7855841,Coffee,4,2.0,8.0,,,2025-11-19
578,TXN_2455083,UNKNOWN,ERROR,1.0,4.0,,In-store,2025-11-19
579,TXN_6583063,Salad,5,5.0,25.0,Digital Wallet,In-store,2025-11-19
580,TXN_5885527,ERROR,2,4.0,8.0,Cash,ERROR,2025-11-19
581,TXN_4386826,Tea,1,1.5,1.5,Cash,,2025-11-19
582,TXN_6118422,Juice,1,3.0,3.0,,,2025-11-19
583,TXN_5810449,Cookie,5,1.0,5.0,Credit Card,Takeaway,2025-11-19
584,TXN_9046345,Coffee,ERROR,2.0,2.0,,Takeaway,2025-11-19
585,TXN_5233849,Cake,2,3.0,6.0,ERROR,In-store,2025-11-19
586,TXN_6978885,Sandwich,4,4.0,16.0,Cash,In-store,2025-11-19
587,TXN_2674746,Cake,4,3.0,12.0,Cash,In-store,2025-11-19
588,TXN_9722809,Cake,1,3.0,3.0,Credit Card,Takeaway,2025-11-19
589,TXN_6007652,Sandwich,4,4.0,16.0,Digital Wallet,,2025-11-19
590,TXN_7253542,Smoothie,4,4.0,16.0,,Takeaway,2025-11-19
591,TXN_4535341,Smoothie,3,4.0,12.0,Cash,Takeaway,2025-11-19
592,TXN_5785911,,1,3.0,3.0,Digital Wallet,Takeaway,2025-11-19
593,TXN_3552571,Juice,1,3.0,3.0,,In-store,2025-11-19
594,TXN_9140013,Cake,1,3.0,3.0,Credit Card,In-store,2025-11-19
595,TXN_3526814,Coffee,3,2.0,6.0,Cash,,2025-11-19
596,TXN_8720876,Cookie,3,1.0,3.0,Credit Card,Takeaway,2025-11-19
597,TXN_5302150,Cookie,5,1.0,5.0,Credit Card,Takeaway,2025-11-19
598,TXN_7690041,ERROR,2,3.0,6.0,Digital Wallet,,2025-11-19
599,TXN_9571766,Smoothie,3,4.0,12.0,UNKNOWN,,2025-11-19
600,TXN_6192297,Smoothie,1,4.0,4.0,,In-store,2025-11-19
601,TXN_4485153,Juice,4,3.0,12.0,,,2025-11-19
602,TXN_5121374,,5,5.0,25.0,Credit Card,,2025-11-19
603,TXN_8397106,Sandwich,1,4.0,4.0,Digital Wallet,In-store,2025-11-19
604,TXN_9924215,Coffee,4,2.0,8.0,Cash,In-store,2025-11-19
605,TXN_1860023,UNKNOWN,4,3.0,12.0,ERROR,,2025-11-19
606,TXN_8310005,Sandwich,1,4.0,4.0,Cash,Takeaway,2025-11-19
607,TXN_3254985,UNKNOWN,3,3.0,9.0,Digital Wallet,In-store,2025-11-19
608,TXN_2373692,Cake,1,3.0,3.0,,,2025-11-19
609,TXN_2925535,UNKNOWN,5,4.0,20.0,UNKNOWN,In-store,2025-11-19
610,TXN_6971925,Sandwich,2,4.0,8.0,Digital Wallet,,2025-11-19
611,TXN_5969662,Sandwich,,4.0,20.0,Cash,In-store,2025-11-19
612,TXN_9670581,Sandwich,3,4.0,12.0,Digital Wallet,UNKNOWN,2025-11-19
613,TXN_2787992,Sandwich,3,,12.0,Cash,Takeaway,2025-11-19
614,TXN_6981798,Tea,1,1.5,1.5,Cash,,2025-11-19
615,TXN_9125450,Juice,2,3.0,6.0,Credit Card,,2025-11-19
616,TXN_2451223,Salad,2,5.0,10.0,Cash,In-store,2025-11-19
617,TXN_0564175,Coffee,5,2.0,10.0,Digital Wallet,,2025-11-19
618,TXN_6233258,,ERROR,2.0,8.0,,Takeaway,2025-11-19
619,TXN_1735158,Salad,5,5.0,25.0,,,2025-11-19
620,TXN_5663874,Tea,2,1.5,3.0,,UNKNOWN,2025-11-19
621,TXN_9560219,Sandwich,4,ERROR,16.0,Cash,,2025-11-19
622,TXN_0495700,Smoothie,2,4.0,8.0,Cash,Takeaway,2025-11-19
623,TXN_4340180,Cake,ERROR,3.0,9.0,Cash,Takeaway,2025-11-19
624,TXN_3919850,Coffee,3,2.0,6.0,ERROR,ERROR,2025-11-19
625,TXN_9387137,Juice,5,3.0,15.0,Digital Wallet,,2025-11-19
626,TXN_1863840,Smoothie,5,4.0,20.0,Cash,,2025-11-19
627,TXN_4317820,Salad,2,5.0,10.0,Credit Card,,2025-11-19
628,TXN_8845420,Tea,3,1.5,4.5,Credit Card,Takeaway,2025-11-19
629,TXN_5544704,Juice,3,3.0,9.0,Digital Wallet,ERROR,2025-11-19
630,TXN_6375785,Sandwich,1,4.0,ERROR,,In-store,2025-11-19
631,TXN_9445768,Coffee,2,2.0,4.0,Digital Wallet,,2025-11-19
632,TXN_9531584,Cookie,5,1.0,5.0,Cash,In-store,2025-11-19
633,TXN_5877969,Cake,2,3.0,6.0,Digital Wallet,,2025-11-19
634,TXN_2979927,Smoothie,UNKNOWN,4.0,4.0,,In-store,2025-11-19
635,TXN_1375620,Cake,2,3.0,6.0,,,2025-11-19
636,TXN_4479354,Tea,3,1.5,4.5,,In-store,2025-11-19
637,TXN_8805850,Cake,5,3.0,15.0,,In-store,2025-11-19
638,TXN_5368822,Cookie,3,1.0,3.0,Digital Wallet,Takeaway,2025-11-19
639,TXN_2518358,Sandwich,5,4.0,20.0,Digital Wallet,Takeaway,2025-11-19
640,TXN_8015355,Cake,2,3.0,6.0,,Takeaway,2025-11-19
641,TXN_5032911,Sandwich,5,4.0,20.0,Digital Wallet,Takeaway,2025-11-19
642,TXN_1080645,Sandwich,1,4.0,4.0,UNKNOWN,,2025-11-19
643,TXN_8682563,Cookie,3,1.0,3.0,Credit Card,UNKNOWN,2025-11-19
644,TXN_4104385,Sandwich,2,4.0,8.0,Credit Card,Takeaway,2025-11-19
645,TXN_7715148,Juice,1,3.0,3.0,,In-store,2025-11-19
646,TXN_4679865,Salad,3,5.0,15.0,Digital Wallet,Takeaway,2025-11-19
647,TXN_2975404,Smoothie,2,4.0,8.0,Credit Card,In-store,2025-11-19
648,TXN_5893524,Coffee,4,2.0,8.0,Cash,,2025-11-19
649,TXN_1253404,Smoothie,3,4.0,12.0,Digital Wallet,Takeaway,2025-11-19
650,TXN_0934316,Coffee,2,2.0,4.0,,Takeaway,2025-11-19
651,TXN_1643932,Sandwich,4,4.0,16.0,Digital Wallet,,2025-11-19
652,TXN_9041835,Sandwich,3,4.0,12.0,Cash,,2025-11-19
653,TXN_1034327,Tea,4,1.5,6.0,Digital Wallet,In-store,2025-11-19
654,TXN_0660502,Salad,4,5.0,20.0,Credit Card,In-store,2025-11-19
655,TXN_9978687,Salad,2,5.0,10.0,Cash,In-store,2025-11-19
656,TXN_3661483,ERROR,3,3.0,UNKNOWN,Cash,In-store,2025-11-19
657,TXN_6152871,Coffee,2,2.0,4.0,,UNKNOWN,2025-11-19
658,TXN_0146002,Smoothie,5,4.0,20.0,,In-store,2025-11-19
659,TXN_9663479,Juice,5,3.0,15.0,ERROR,Takeaway,2025-11-19
660,TXN_8600623,Smoothie,3,4.0,UNKNOWN,Credit Card,,2025-11-19
661,TXN_9071550,Smoothie,1,4.0,4.0,Digital Wallet,Takeaway,2025-11-19
662,TXN_0607116,Coffee,2,2.0,4.0,Cash,,2025-11-19
663,TXN_8908481,Cookie,4,1.0,4.0,Digital Wallet,In-store,2025-11-19
664,TXN_0051073,Cookie,5,1.0,5.0,Cash,In-store,2025-11-19
665,TXN_1853495,Salad,1,5.0,5.0,UNKNOWN,,2025-11-19
666,TXN_0869349,Juice,2,3.0,6.0,Credit Card,In-store,2025-11-19
667,TXN_9558765,Coffee,4,2.0,8.0,Cash,Takeaway,2025-11-19
668,TXN_1584278,Salad,1,5.0,ERROR,,,2025-11-19
669,TXN_3020251,UNKNOWN,3,1.5,4.5,Cash,In-store,2025-11-19
670,TXN_8664456,Coffee,5,2.0,10.0,,In-store,2025-11-19
671,TXN_8030486,Sandwich,1,4.0,4.0,Credit Card,,2025-11-19
672,TXN_2652761,Cake,1,3.0,3.0,UNKNOWN,Takeaway,2025-11-19
673,TXN_2822070,Sandwich,1,4.0,4.0,Cash,,2025-11-19
674,TXN_9041148,Coffee,2,2.0,4.0,Cash,,2025-11-19
675,TXN_1800724,Salad,4,5.0,20.0,Cash,In-store,2025-11-19
676,TXN_0471872,Smoothie,2,4.0,8.0,Digital Wallet,ERROR,2025-11-19
677,TXN_3115197,Cake,3,3.0,9.0,Digital Wallet,In-store,2025-11-19
678,TXN_4351830,Salad,1,5.0,5.0,Credit Card,Takeaway,2025-11-19
679,TXN_5855323,ERROR,4,4.0,16.0,Credit Card,Takeaway,2025-11-19
680,TXN_8262556,Smoothie,2,4.0,8.0,Digital Wallet,,2025-11-19
681,TXN_6328160,Cake,1,3.0,3.0,ERROR,In-store,2025-11-19
682,TXN_7279351,Sandwich,5,4.0,20.0,Cash,In-store,2025-11-19
683,TXN_3909598,Smoothie,1,4.0,4.0,,In-store,2025-11-19
684,TXN_1827014,Sandwich,2,4.0,8.0,Cash,Takeaway,2025-11-19
685,TXN_4062749,Cookie,2,1.0,2.0,Digital Wallet,,2025-11-19
686,TXN_4096084,,2,4.0,,Digital Wallet,,2025-11-19
687,TXN_2826199,Smoothie,3,4.0,12.0,Digital Wallet,,2025-11-19
688,TXN_1766618,Cake,4,3.0,,Cash,In-store,2025-11-19
689,TXN_2345500,ERROR,5,1.5,7.5,Cash,In-store,2025-11-19
690,TXN_4573029,Coffee,1,,2.0,,,2025-11-19
691,TXN_1492191,Coffee,4,2.0,8.0,Cash,In-store,2025-11-19
692,TXN_3638283,Sandwich,1,4.0,4.0,,In-store,2025-11-19
693,TXN_8210414,Salad,1,5.0,5.0,Digital Wallet,Takeaway,2025-11-19
694,TXN_2874895,ERROR,2,1.5,3.0,Cash,,2025-11-19
695,TXN_1365856,Juice,5,ERROR,15.0,,In-store,2025-11-19
696,TXN_3364043,Smoothie,3,4.0,12.0,Credit Card,In-store,2025-11-19
697,TXN_8808232,Cake,3,3.0,9.0,Cash,,2025-11-19
698,TXN_6497098,Juice,3,3.0,9.0,,In-store,2025-11-19
699,TXN_4778636,,5,4.0,20.0,Cash,,2025-11-19
700,TXN_4333802,UNKNOWN,4,1.5,6.0,,In-store,2025-11-19
701,TXN_3525857,Juice,1,3.0,3.0,,,2025-11-19
702,TXN_9271070,Salad,1,5.0,5.0,Cash,,2025-11-19
703,TXN_6408711,Cookie,3,1.0,3.0,Digital Wallet,Takeaway,2025-11-19
704,TXN_3436266,,1,2.0,2.0,,In-store,2025-11-19
705,TXN_6440044,Coffee,1,2.0,2.0,Cash,In-store,2025-11-19
706,TXN_2286597,Smoothie,2,4.0,8.0,,In-store,2025-11-19
707,TXN_1176118,Juice,3,3.0,9.0,,ERROR,2025-11-19
708,TXN_2799590,Juice,1,3.0,3.0,,In-store,2025-11-19
709,TXN_5904671,Cookie,3,1.0,3.0,Credit Card,In-store,2025-11-19
710,TXN_2309029,Cake,3,3.0,,Credit Card,UNKNOWN,2025-11-19
711,TXN_9180289,Smoothie,5,4.0,20.0,Cash,,2025-11-19
712,TXN_5156097,ERROR,3,2.0,6.0,Credit Card,,2025-11-19
713,TXN_4385714,Coffee,2,2.0,4.0,,Takeaway,2025-11-19
714,TXN_0586393,Cake,5,3.0,15.0,Digital Wallet,In-store,2025-11-19
715,TXN_7273055,Juice,1,3.0,3.0,Cash,In-store,2025-11-19
716,TXN_6395390,Coffee,3,2.0,6.0,,,2025-11-19
717,TXN_8831617,Juice,5,3.0,15.0,ERROR,Takeaway,2025-11-19
718,TXN_6638754,Cookie,1,1.0,1.0,Credit Card,,2025-11-19
719,TXN_1083715,Juice,5,3.0,15.0,,In-store,2025-11-19
720,TXN_2156119,Coffee,5,2.0,10.0,,Takeaway,2025-11-19
721,TXN_4661915,Cake,3,3.0,9.0,Cash,In-store,2025-11-19
722,TXN_6916615,Coffee,2,2.0,4.0,Digital Wallet,ERROR,2025-11-19
723,TXN_9791920,Smoothie,3,4.0,12.0,Digital Wallet,,2025-11-19
724,TXN_5656599,Coffee,UNKNOWN,2.0,10.0,Cash,,2025-11-19
725,TXN_5370300,Smoothie,4,4.0,16.0,Credit Card,In-store,2025-11-19
726,TXN_4392918,Juice,5,3.0,15.0,ERROR,In-store,2025-11-19
727,TXN_5276720,Cake,3,3.0,9.0,Digital Wallet,In-store,2025-11-19
728,TXN_2396896,Coffee,5,2.0,10.0,,,2025-11-19
729,TXN_4218166,UNKNOWN,4,1.5,6.0,Credit Card,,2025-11-19
730,TXN_4744360,Cake,3,3.0,9.0,Credit Card,,2025-11-19
731,TXN_4077557,Smoothie,2,ERROR,8.0,Credit Card,,2025-11-19
732,TXN_1029873,Cookie,4,1.0,4.0,Cash,In-store,2025-11-19
733,TXN_9648712,Coffee,1,2.0,2.0,,,2025-11-19
734,TXN_9357899,Coffee,3,2.0,6.0,Credit Card,In-store,2025-11-19
735,TXN_8866663,Tea,3,1.5,4.5,UNKNOWN,In-store,2025-11-19
736,TXN_1378196,Cookie,5,1.0,5.0,Digital Wallet,In-store,2025-11-19
737,TXN_1784780,Tea,3,1.5,4.5,Credit Card,In-store,2025-11-19
738,TXN_7789382,Tea,1,,1.5,,In-store,2025-11-19
739,TXN_6769930,Sandwich,5,4.0,20.0,Credit Card,In-store,2025-11-19
740,TXN_4970504,Smoothie,UNKNOWN,4.0,16.0,Digital Wallet,,2025-11-19
741,TXN_7312288,Cookie,3,1.0,3.0,Digital Wallet,In-store,2025-11-19
742,TXN_3204414,Sandwich,5,4.0,UNKNOWN,UNKNOWN,Takeaway,2025-11-19
743,TXN_4116843,Sandwich,3,4.0,12.0,Credit Card,In-store,2025-11-19
744,TXN_3200554,Tea,2,UNKNOWN,3.0,Digital Wallet,ERROR,2025-11-19
745,TXN_2093081,Cookie,4,1.0,4.0,Digital Wallet,In-store,2025-11-19
746,TXN_7216059,Coffee,4,2.0,8.0,,In-store,2025-11-19
747,TXN_8330196,ERROR,2,3.0,6.0,Credit Card,Takeaway,2025-11-19
748,TXN_0224473,Salad,3,5.0,15.0,,Takeaway,2025-11-19
749,TXN_8842172,Cake,4,3.0,12.0,Credit Card,,2025-11-19
750,TXN_2560051,Coffee,3,2.0,6.0,Digital Wallet,In-store,2025-11-19
751,TXN_6792179,Cake,3,3.0,9.0,,In-store,2025-11-19
752,TXN_9353924,Juice,4,3.0,12.0,,Takeaway,2025-11-19
753,TXN_8392371,Tea,3,1.5,4.5,Cash,ERROR,2025-11-19
754,TXN_5097308,Sandwich,1,4.0,4.0,,,2025-11-19
755,TXN_2508523,Smoothie,3,4.0,12.0,Digital Wallet,Takeaway,2025-11-19
756,TXN_1747421,Coffee,5,2.0,10.0,Digital Wallet,In-store,2025-11-19
757,TXN_6569475,Juice,5,3.0,15.0,,,2025-11-19
758,TXN_8156321,Salad,2,5.0,10.0,Digital Wallet,ERROR,2025-11-19
759,TXN_2833666,Juice,3,3.0,9.0,Cash,Takeaway,2025-11-19
760,TXN_0306601,Coffee,5,2.0,10.0,Credit Card,In-store,2025-11-19
761,TXN_6150786,Sandwich,1,4.0,4.0,Digital Wallet,In-store,2025-11-19
762,TXN_7200628,Tea,5,1.5,7.5,Credit Card,In-store,2025-11-19
763,TXN_1402259,Tea,2,1.5,3.0,,,2025-11-19
764,TXN_1225273,Cookie,3,1.0,3.0,Credit Card,In-store,2025-11-19
765,TXN_9031496,Cookie,5,1.0,5.0,ERROR,,2025-11-19
766,TXN_4239573,Sandwich,5,4.0,20.0,,,2025-11-19
767,TXN_5416284,Smoothie,2,4.0,ERROR,Cash,,2025-11-19
768,TXN_2346935,Cake,5,3.0,15.0,,Takeaway,2025-11-19
769,TXN_3581224,Sandwich,1,4.0,4.0,Digital Wallet,,2025-11-19
770,TXN_5528666,Salad,5,5.0,25.0,Credit Card,,2025-11-19
771,TXN_5421437,Sandwich,3,4.0,12.0,Cash,In-store,2025-11-19
772,TXN_4306484,ERROR,4,4.0,16.0,Cash,In-store,2025-11-19
773,TXN_9349972,Cake,2,3.0,6.0,,Takeaway,2025-11-19
774,TXN_9071051,Juice,3,3.0,9.0,Digital Wallet,Takeaway,2025-11-19
775,TXN_6609778,Tea,4,1.5,6.0,Credit Card,In-store,2025-11-19
776,TXN_5970231,Tea,UNKNOWN,1.5,1.5,Credit Card,Takeaway,2025-11-19
777,TXN_9867643,Tea,4,1.5,6.0,,,2025-11-19
778,TXN_2864705,Tea,1,1.5,1.5,Cash,,2025-11-19
779,TXN_3923250,Tea,1,1.5,1.5,Cash,In-store,2025-11-19
780,TXN_9380976,Cookie,3,1.0,3.0,Cash,In-store,2025-11-19
781,TXN_5691558,Salad,UNKNOWN,5.0,10.0,Digital Wallet,Takeaway,2025-11-19
782,TXN_2440061,Smoothie,4,4.0,16.0,Credit Card,Takeaway,2025-11-19
783,TXN_2267797,Juice,5,3.0,15.0,,In-store,2025-11-19
784,TXN_4859199,ERROR,3,1.5,4.5,Credit Card,,2025-11-19
785,TXN_0577483,Sandwich,3,4.0,12.0,Digital Wallet,,2025-11-19
786,TXN_9208516,UNKNOWN,5,4.0,20.0,Cash,In-store,2025-11-19
787,TXN_3644391,Cake,3,3.0,9.0,Credit Card,UNKNOWN,2025-11-19
788,TXN_1626844,Salad,3,5.0,15.0,,Takeaway,2025-11-19
789,TXN_2508889,Cake,5,3.0,15.0,Digital Wallet,In-store,2025-11-19
790,TXN_5753936,Sandwich,1,4.0,4.0,,In-store,2025-11-19
791,TXN_0427943,Smoothie,2,,8.0,,UNKNOWN,2025-11-19
792,TXN_4810883,Juice,5,3.0,15.0,,In-store,2025-11-19
793,TXN_7227474,Salad,3,5.0,15.0,Digital Wallet,In-store,2025-11-19
794,TXN_7847370,Sandwich,1,4.0,4.0,,Takeaway,2025-11-19
795,TXN_5670421,Tea,2,1.5,3.0,,,2025-11-19
796,TXN_3428987,Cookie,3,1.0,3.0,,Takeaway,2025-11-19
797,TXN_3245992,Cake,3,3.0,9.0,Cash,In-store,2025-11-19
798,TXN_8123693,Juice,2,3.0,6.0,Credit Card,In-store,2025-11-19
799,TXN_9943228,Salad,3,5.0,15.0,Digital Wallet,,2025-11-19
800,TXN_6425411,Sandwich,1,4.0,4.0,Digital Wallet,In-store,2025-11-19
801,TXN_4957187,Tea,4,1.5,6.0,,,2025-11-19
802,TXN_2032402,Cookie,2,1.0,2.0,,In-store,2025-11-19
803,TXN_2323388,Cookie,4,1.0,4.0,Digital Wallet,,2025-11-19
804,TXN_9433404,Salad,4,5.0,20.0,,Takeaway,2025-11-19
805,TXN_8980825,Salad,2,5.0,10.0,Cash,In-store,2025-11-19
806,TXN_9882124,Coffee,1,2.0,2.0,Credit Card,Takeaway,2025-11-19
807,TXN_0453397,Tea,3,1.5,,,In-store,2025-11-19
808,TXN_1751556,Coffee,1,2.0,2.0,Digital Wallet,,2025-11-19
809,TXN_5919695,Sandwich,2,4.0,8.0,Credit Card,In-store,2025-11-19
810,TXN_4925050,,5,3.0,15.0,Cash,,2025-11-19
811,TXN_6389977,Tea,5,1.5,7.5,Digital Wallet,In-store,2025-11-19
812,TXN_6031957,Cake,5,3.0,15.0,,,2025-11-19
813,TXN_7128225,Salad,5,5.0,25.0,Cash,In-store,2025-11-19
814,TXN_3172498,Smoothie,1,4.0,4.0,Credit Card,Takeaway,2025-11-19
815,TXN_2558509,Salad,1,5.0,5.0,,,2025-11-19
816,TXN_7454662,Juice,1,3.0,3.0,Cash,In-store,2025-11-19
817,TXN_4393560,ERROR,5,1.5,7.5,Digital Wallet,UNKNOWN,2025-11-19
818,TXN_7751237,Cake,3,3.0,9.0,Digital Wallet,In-store,2025-11-19
819,TXN_8504575,Cookie,4,1.0,4.0,Credit Card,In-store,2025-11-19
820,TXN_0844835,Juice,1,3.0,3.0,Cash,,2025-11-19
821,TXN_0876353,ERROR,5,1.5,7.5,Digital Wallet,,2025-11-19
822,TXN_8796113,Cookie,UNKNOWN,1.0,1.0,Cash,,2025-11-19
823,TXN_5602381,Juice,3,3.0,9.0,Cash,,2025-11-19
824,TXN_5777037,Cake,1,,3.0,Credit Card,,2025-11-19
825,TXN_3596038,Juice,5,3.0,15.0,,In-store,2025-11-19
826,TXN_9772394,Tea,2,1.5,3.0,Digital Wallet,ERROR,2025-11-19
827,TXN_5511149,,3,UNKNOWN,6.0,Credit Card,Takeaway,2025-11-19
828,TXN_2411858,Tea,2,1.5,3.0,,In-store,2025-11-19
829,TXN_7031909,Coffee,5,2.0,10.0,Cash,In-store,2025-11-19
830,TXN_9597271,Cookie,3,1.0,3.0,Credit Card,Takeaway,2025-11-19
831,TXN_7544382,Cake,2,3.0,6.0,Cash,ERROR,2025-11-19
832,TXN_9692158,Sandwich,4,4.0,16.0,Credit Card,Takeaway,2025-11-19
833,TXN_1337965,Salad,5,5.0,25.0,Digital Wallet,Takeaway,2025-11-19
834,TXN_9399880,Salad,2,5.0,10.0,,In-store,2025-11-19
835,TXN_2830525,Sandwich,5,4.0,20.0,Digital Wallet,,2025-11-19
836,TXN_8757362,Sandwich,1,4.0,4.0,Credit Card,Takeaway,2025-11-19
837,TXN_8284363,Juice,2,3.0,6.0,Digital Wallet,,2025-11-19
838,TXN_2281415,Cake,3,3.0,9.0,Cash,Takeaway,2025-11-19
839,TXN_9198259,Salad,1,5.0,5.0,ERROR,In-store,2025-11-19
840,TXN_8311066,Sandwich,4,4.0,16.0,Cash,Takeaway,2025-11-19
841,TXN_6086184,Salad,4,5.0,20.0,Cash,,2025-11-19
842,TXN_9940585,ERROR,4,1.0,4.0,Credit Card,In-store,2025-11-19
843,TXN_4912887,Smoothie,2,4.0,8.0,Credit Card,In-store,2025-11-19
844,TXN_1046653,Cake,2,3.0,6.0,Cash,In-store,2025-11-19
845,TXN_8861135,Cookie,3,1.0,3.0,Digital Wallet,Takeaway,2025-11-19
846,TXN_4674414,Cookie,2,1.0,2.0,,Takeaway,2025-11-19
847,TXN_5951811,Sandwich,1,4.0,4.0,,In-store,2025-11-19
848,TXN_5391543,Cookie,2,1.0,2.0,Credit Card,Takeaway,2025-11-19
849,TXN_1164930,,3,1.0,3.0,Digital Wallet,UNKNOWN,2025-11-19
850,TXN_1248273,Coffee,3,2.0,6.0,Credit Card,In-store,2025-11-19
851,TXN_8413962,Smoothie,5,ERROR,20.0,Digital Wallet,In-store,2025-11-19
852,TXN_8051812,Cake,1,3.0,3.0,Cash,In-store,2025-11-19
853,TXN_8131760,Cookie,1,1.0,1.0,Digital Wallet,Takeaway,2025-11-19
854,TXN_9262329,Cake,3,3.0,9.0,,ERROR,2025-11-19
855,TXN_3098395,Juice,5,3.0,15.0,UNKNOWN,ERROR,2025-11-19
856,TXN_5609767,Cake,3,3.0,9.0,Credit Card,In-store,2025-11-19
857,TXN_3527867,Salad,5,5.0,ERROR,Cash,Takeaway,2025-11-19
858,TXN_0494441,Coffee,4,2.0,8.0,,In-store,2025-11-19
859,TXN_7594607,UNKNOWN,2,5.0,10.0,Digital Wallet,,2025-11-19
860,TXN_8165771,Juice,3,3.0,9.0,Cash,ERROR,2025-11-19
861,TXN_4831812,Coffee,2,,4.0,Cash,Takeaway,2025-11-19
862,TXN_1286868,Cake,3,3.0,9.0,Digital Wallet,,2025-11-19
863,TXN_7133990,Cake,5,3.0,15.0,,,2025-11-19
864,TXN_8612237,UNKNOWN,2,3.0,6.0,Digital Wallet,Takeaway,2025-11-19
865,TXN_9170212,Cake,4,3.0,12.0,Digital Wallet,,2025-11-19
866,TXN_9782932,UNKNOWN,3,1.0,3.0,Cash,,2025-11-19
867,TXN_4704880,Coffee,2,2.0,4.0,,UNKNOWN,2025-11-19
868,TXN_8766064,Cake,,3.0,12.0,,In-store,2025-11-19
869,TXN_3152788,Salad,2,5.0,10.0,Credit Card,UNKNOWN,2025-11-19
870,TXN_1007616,Tea,1,1.5,,Credit Card,Takeaway,2025-11-19
871,TXN_2119830,Tea,3,1.5,4.5,Credit Card,,2025-11-19
872,TXN_4905552,Sandwich,4,4.0,16.0,,UNKNOWN,2025-11-19
873,TXN_4735352,Sandwich,1,4.0,4.0,,In-store,2025-11-19
874,TXN_6671973,Smoothie,2,4.0,8.0,,UNKNOWN,2025-11-19
875,TXN_9305087,Sandwich,5,4.0,20.0,UNKNOWN,,2025-11-19
876,TXN_3149260,Salad,3,5.0,15.0,Credit Card,ERROR,2025-11-19
877,TXN_3393464,Juice,,3.0,15.0,Digital Wallet,In-store,2025-11-19
878,TXN_7026522,Coffee,1,,2.0,UNKNOWN,,2025-11-19
879,TXN_7569145,Juice,4,3.0,12.0,Digital Wallet,In-store,2025-11-19
880,TXN_0288326,Juice,5,3.0,15.0,Cash,,2025-11-19
881,TXN_0233909,Tea,4,1.5,6.0,Cash,,2025-11-19
882,TXN_0709646,Tea,3,1.5,4.5,,Takeaway,2025-11-19
883,TXN_2384472,Juice,1,3.0,3.0,Cash,In-store,2025-11-19
884,TXN_8009215,,3,4.0,12.0,Digital Wallet,Takeaway,2025-11-19
885,TXN_5110361,Tea,1,1.5,1.5,Credit Card,,2025-11-19
886,TXN_2440392,Coffee,2,2.0,4.0,Cash,Takeaway,2025-11-19
887,TXN_0509655,Coffee,5,2.0,10.0,,,2025-11-19
888,TXN_1768304,Smoothie,1,4.0,4.0,Digital Wallet,In-store,2025-11-19
889,TXN_9401113,Tea,5,1.5,7.5,,,2025-11-19
890,TXN_3131679,Cake,2,3.0,6.0,,Takeaway,2025-11-19
891,TXN_2344802,Salad,4,5.0,20.0,Credit Card,In-store,2025-11-19
892,TXN_9667036,Salad,3,5.0,15.0,ERROR,Takeaway,2025-11-19
893,TXN_2070549,Coffee,2,2.0,4.0,,In-store,2025-11-19
894,TXN_0372921,Tea,1,1.5,1.5,,,2025-11-19
895,TXN_1546119,Cake,3,3.0,9.0,Credit Card,Takeaway,2025-11-19
896,TXN_5695251,Cookie,1,1.0,,Cash,In-store,2025-11-19
897,TXN_0284199,Salad,3,5.0,15.0,,,2025-11-19
898,TXN_4300187,Smoothie,1,4.0,4.0,Cash,UNKNOWN,2025-11-19
899,TXN_5379920,Sandwich,3,4.0,12.0,Credit Card,Takeaway,2025-11-19
900,TXN_8115657,Juice,2,3.0,6.0,,In-store,2025-11-19
901,TXN_6684303,Tea,3,1.5,4.5,Digital Wallet,Takeaway,2025-11-19
902,TXN_9372990,Sandwich,4,4.0,16.0,,In-store,2025-11-19
903,TXN_1985363,Sandwich,1,4.0,4.0,Digital Wallet,Takeaway,2025-11-19
904,TXN_9505792,Sandwich,2,4.0,8.0,Digital Wallet,Takeaway,2025-11-19
905,TXN_4086483,Sandwich,1,4.0,4.0,Digital Wallet,Takeaway,2025-11-19
906,TXN_7203469,Salad,3,5.0,15.0,,Takeaway,2025-11-19
907,TXN_1710313,ERROR,1,3.0,3.0,UNKNOWN,In-store,2025-11-19
908,TXN_7958991,Tea,3,1.5,4.5,Cash,Takeaway,2025-11-19
909,TXN_4635908,Smoothie,2,4.0,8.0,,,2025-11-19
910,TXN_9779737,Smoothie,3,4.0,12.0,Cash,,2025-11-19
911,TXN_0753279,Cake,2,3.0,6.0,Credit Card,In-store,2025-11-19
912,TXN_6910912,Tea,1,1.5,1.5,Credit Card,,2025-11-19
913,TXN_9127852,Coffee,1,2.0,2.0,Digital Wallet,Takeaway,2025-11-19
914,TXN_6168889,Tea,UNKNOWN,1.5,4.5,,Takeaway,2025-11-19
915,TXN_9807856,Coffee,1,2.0,2.0,Credit Card,Takeaway,2025-11-19
916,TXN_5939660,Cookie,2,1.0,2.0,,Takeaway,2025-11-19
917,TXN_6572733,Salad,2,5.0,10.0,Cash,,2025-11-19
918,TXN_3042048,Juice,UNKNOWN,3.0,15.0,,Takeaway,2025-11-19
919,TXN_5949123,Cookie,1,1.0,1.0,Cash,UNKNOWN,2025-11-19
920,TXN_0236045,,2,3.0,6.0,,,2025-11-19
921,TXN_8988529,Coffee,3,2.0,6.0,,,2025-11-19
922,TXN_3708646,Coffee,1,UNKNOWN,2.0,Cash,Takeaway,2025-11-19
923,TXN_5937991,UNKNOWN,2,1.5,3.0,Digital Wallet,,2025-11-19
924,TXN_5724680,Cake,2,3.0,6.0,,Takeaway,2025-11-19
925,TXN_2880345,UNKNOWN,4,4.0,16.0,Credit Card,Takeaway,2025-11-19
926,TXN_8968463,Coffee,1,2.0,,Digital Wallet,In-store,2025-11-19
927,TXN_6045740,Salad,2,5.0,10.0,Cash,Takeaway,2025-11-19
928,TXN_4439455,Smoothie,4,4.0,16.0,,,2025-11-19
929,TXN_4176989,Smoothie,4,4.0,16.0,Digital Wallet,In-store,2025-11-19
930,TXN_9024197,,5,2.0,10.0,ERROR,,2025-11-19
931,TXN_4940514,Juice,2,3.0,6.0,Credit Card,,2025-11-19
932,TXN_7536332,Smoothie,3,4.0,12.0,Cash,,2025-11-19
933,TXN_6953553,Coffee,1,2.0,2.0,Credit Card,Takeaway,2025-11-19
934,TXN_8786352,Juice,1,3.0,3.0,Cash,UNKNOWN,2025-11-19
935,TXN_9237944,Smoothie,3,4.0,12.0,Cash,,2025-11-19
936,TXN_1079516,Tea,2,1.5,3.0,Digital Wallet,UNKNOWN,2025-11-19
937,TXN_4093081,Juice,2,3.0,6.0,Cash,,2025-11-19
938,TXN_4997852,Salad,1,5.0,5.0,Credit Card,In-store,2025-11-19
939,TXN_7255993,Juice,2,3.0,6.0,Cash,In-store,2025-11-19
940,TXN_0160699,Tea,4,1.5,ERROR,Digital Wallet,In-store,2025-11-19
941,TXN_5153124,Cookie,1,1.0,1.0,,,2025-11-19
942,TXN_2147739,Coffee,5,2.0,10.0,Digital Wallet,Takeaway,2025-11-19
943,TXN_6133847,Coffee,4,2.0,8.0,Digital Wallet,,2025-11-19
944,TXN_6821567,Tea,3,1.5,4.5,Digital Wallet,,2025-11-19
945,TXN_0439095,Coffee,3,2.0,6.0,Digital Wallet,Takeaway,2025-11-19
946,TXN_7265383,Sandwich,4,4.0,16.0,Credit Card,Takeaway,2025-11-19
947,TXN_3799478,Coffee,2,2.0,4.0,Digital Wallet,In-store,2025-11-19
948,TXN_5830186,Smoothie,5,4.0,20.0,Cash,,2025-11-19
949,TXN_3289081,Sandwich,4,4.0,16.0,Credit Card,,2025-11-19
950,TXN_7750914,Juice,1,3.0,3.0,Credit Card,,2025-11-19
951,TXN_6301150,Sandwich,3,4.0,12.0,,Takeaway,2025-11-19
952,TXN_4136833,Sandwich,3,4.0,12.0,,,2025-11-19
953,TXN_3402082,Juice,2,3.0,6.0,Cash,Takeaway,2025-11-19
954,TXN_9498411,Juice,1,3.0,3.0,Credit Card,In-store,2025-11-19
955,TXN_0150438,Sandwich,5,4.0,20.0,ERROR,Takeaway,2025-11-19
956,TXN_6406016,Smoothie,4,4.0,16.0,Cash,Takeaway,2025-11-19
957,TXN_7170909,,2,1.5,3.0,,In-store,2025-11-19
958,TXN_3390721,Tea,2,1.5,3.0,,In-store,2025-11-19
959,TXN_1520454,Cookie,4,1.0,4.0,,Takeaway,2025-11-19
960,TXN_7684970,Coffee,1,2.0,2.0,Credit Card,Takeaway,2025-11-19
961,TXN_3484715,Sandwich,1,4.0,ERROR,,In-store,2025-11-19
962,TXN_9828875,Cookie,4,1.0,4.0,Credit Card,Takeaway,2025-11-19
963,TXN_6436812,Coffee,3,2.0,6.0,Cash,Takeaway,2025-11-19
964,TXN_2442022,Salad,4,5.0,20.0,Digital Wallet,Takeaway,2025-11-19
965,TXN_4850619,Sandwich,1,4.0,4.0,Cash,,2025-11-19
966,TXN_4433123,,3,UNKNOWN,12.0,Cash,,2025-11-19
967,TXN_7199644,UNKNOWN,2,5.0,10.0,Digital Wallet,In-store,2025-11-19
968,TXN_1668596,Smoothie,5,4.0,20.0,Digital Wallet,In-store,2025-11-19
969,TXN_0675158,ERROR,4,2.0,8.0,Digital Wallet,In-store,2025-11-19
970,TXN_5398792,Salad,4,5.0,20.0,Cash,,2025-11-19
971,TXN_7473100,Cookie,5,1.0,5.0,Credit Card,In-store,2025-11-19
972,TXN_2885661,Coffee,2,2.0,4.0,,,2025-11-19
973,TXN_9398660,Juice,5,3.0,15.0,,Takeaway,2025-11-19
974,TXN_3134086,Sandwich,3,4.0,12.0,Digital Wallet,In-store,2025-11-19
975,TXN_3563597,Sandwich,4,4.0,16.0,Credit Card,Takeaway,2025-11-19
976,TXN_6599749,Coffee,3,2.0,6.0,,,2025-11-19
977,TXN_0882414,Juice,5,3.0,15.0,Digital Wallet,,2025-11-19
978,TXN_9776250,Cookie,2,1.0,2.0,,Takeaway,2025-11-19
979,TXN_3407675,Juice,2,3.0,6.0,Cash,,2025-11-19
980,TXN_8362915,,4,4.0,16.0,Credit Card,,2025-11-19
981,TXN_1535876,Sandwich,4,4.0,16.0,Credit Card,In-store,2025-11-19
982,TXN_5025211,Sandwich,3,4.0,12.0,,,2025-11-19
983,TXN_8355190,Coffee,5,2.0,10.0,Digital Wallet,,2025-11-19
984,TXN_8040137,Salad,5,5.0,25.0,,,2025-11-19
985,TXN_9760284,Cookie,2,1.0,2.0,Digital Wallet,,2025-11-19
986,TXN_8261046,Smoothie,5,4.0,20.0,UNKNOWN,,2025-11-19
987,TXN_0693986,Cookie,3,1.0,3.0,Credit Card,UNKNOWN,2025-11-19
988,TXN_0893868,Coffee,1,2.0,2.0,Cash,Takeaway,2025-11-19
989,TXN_4252860,Cookie,2,1.0,2.0,Credit Card,Takeaway,2025-11-19
990,TXN_3927517,Cookie,1,1.0,1.0,Digital Wallet,Takeaway,2025-11-19
991,TXN_8165733,Cookie,5,1.0,5.0,,,2025-11-19
992,TXN_4769046,Smoothie,5,4.0,20.0,Digital Wallet,In-store,2025-11-19
993,TXN_2578765,Tea,3,1.5,4.5,Credit Card,In-store,2025-11-19
994,TXN_5985091,Salad,2,5.0,10.0,,In-store,2025-11-19
995,TXN_1581905,Coffee,3,2.0,6.0,Credit Card,,2025-11-19
996,TXN_0938587,ERROR,2,1.5,3.0,,In-store,2025-11-19
997,TXN_1781572,Smoothie,4,4.0,16.0,Digital Wallet,In-store,2025-11-19
998,TXN_4175496,Coffee,3,2.0,6.0,,In-store,2025-11-19
999,TXN_1492701,Coffee,1,2.0,2.0,Cash,,2025-11-19
1000,TXN_7928555,,3,3.0,9.0,Digital Wallet,Takeaway,2025-11-19
1001,TXN_0359745,Cake,5,3.0,15.0,Digital Wallet,Takeaway,2025-11-19
1002,TXN_7677192,UNKNOWN,3,3.0,9.0,,Takeaway,2025-11-19
1003,TXN_7107395,Coffee,5,2.0,10.0,Digital Wallet,Takeaway,2025-11-19
1004,TXN_1319538,Sandwich,UNKNOWN,4.0,8.0,Digital Wallet,Takeaway,2025-11-19
1005,TXN_1957646,Juice,5,3.0,15.0,,In-store,2025-11-19
1006,TXN_1624400,Coffee,4,ERROR,8.0,Cash,,2025-11-19
1007,TXN_4497033,Juice,2,3.0,6.0,,,2025-11-19
1008,TXN_2875342,Smoothie,2,4.0,8.0,Digital Wallet,Takeaway,2025-11-19
1009,TXN_0731196,Cookie,3,1.0,3.0,Cash,,2025-11-19
1010,TXN_1249463,Cake,5,3.0,15.0,Credit Card,In-store,2025-11-19
1011,TXN_7072789,Cake,1,3.0,3.0,,In-store,2025-11-19
1012,TXN_0700210,Smoothie,3,4.0,UNKNOWN,Digital Wallet,In-store,2025-11-19
1013,TXN_3635298,Sandwich,2,4.0,8.0,Credit Card,UNKNOWN,2025-11-19
1014,TXN_4589761,Tea,2,1.5,3.0,Cash,ERROR,2025-11-19
1015,TXN_2965077,ERROR,5,5.0,25.0,Cash,,2025-11-19
1016,TXN_8912780,Tea,5,,7.5,Digital Wallet,Takeaway,2025-11-19
1017,TXN_1852267,Juice,2,3.0,6.0,Digital Wallet,In-store,2025-11-19
1018,TXN_4287341,Salad,4,5.0,20.0,Credit Card,,2025-11-19
1019,TXN_2799260,Cake,1,3.0,3.0,Credit Card,In-store,2025-11-19
1020,TXN_2645058,Tea,3,1.5,4.5,Credit Card,Takeaway,2025-11-19
1021,TXN_0701913,Cake,5,3.0,15.0,Cash,,2025-11-19
1022,TXN_6519942,Sandwich,4,4.0,16.0,,Takeaway,2025-11-19
1023,TXN_0769635,Juice,5,3.0,UNKNOWN,Digital Wallet,UNKNOWN,2025-11-19
1024,TXN_6390529,Coffee,2,2.0,4.0,Digital Wallet,Takeaway,2025-11-19
1025,TXN_0738943,Salad,ERROR,5.0,25.0,Cash,,2025-11-19
1026,TXN_6938744,UNKNOWN,2,4.0,8.0,ERROR,,2025-11-19
1027,TXN_3862728,Cake,3,3.0,9.0,,In-store,2025-11-19
1028,TXN_2791622,Smoothie,2,4.0,8.0,Credit Card,Takeaway,2025-11-19
1029,TXN_3962927,Cake,5,3.0,15.0,,In-store,2025-11-19
1030,TXN_1182565,Coffee,4,2.0,8.0,Credit Card,,2025-11-19
1031,TXN_7366477,Sandwich,5,ERROR,20.0,Digital Wallet,In-store,2025-11-19
1032,TXN_5774418,Cake,2,3.0,6.0,Cash,In-store,2025-11-19
1033,TXN_5667244,Salad,5,5.0,25.0,Credit Card,In-store,2025-11-19
1034,TXN_4692312,Coffee,,2.0,6.0,Digital Wallet,Takeaway,2025-11-19
1035,TXN_9655306,Cookie,,1.0,5.0,,Takeaway,2025-11-19
1036,TXN_1517602,Tea,1,1.5,1.5,Credit Card,Takeaway,2025-11-19
1037,TXN_0395486,Juice,5,3.0,15.0,Credit Card,In-store,2025-11-19
1038,TXN_0844428,Smoothie,5,UNKNOWN,20.0,Cash,,2025-11-19
1039,TXN_4616449,Sandwich,3,4.0,12.0,Cash,In-store,2025-11-19
1040,TXN_0197687,Coffee,1,2.0,2.0,Digital Wallet,In-store,2025-11-19
1041,TXN_7175725,Cake,1,3.0,3.0,,UNKNOWN,2025-11-19
1042,TXN_2130889,Tea,2,1.5,3.0,Cash,In-store,2025-11-19
1043,TXN_7016972,Cake,2,3.0,6.0,Digital Wallet,UNKNOWN,2025-11-19
1044,TXN_9004204,Juice,4,3.0,12.0,Digital Wallet,Takeaway,2025-11-19
1045,TXN_0588288,Juice,5,3.0,15.0,UNKNOWN,Takeaway,2025-11-19
1046,TXN_8635834,ERROR,5,1.5,7.5,Cash,Takeaway,2025-11-19
1047,TXN_2260461,Sandwich,3,4.0,12.0,,In-store,2025-11-19
1048,TXN_9022161,Tea,3,1.5,4.5,,,2025-11-19
1049,TXN_5680413,Salad,5,5.0,25.0,Credit Card,,2025-11-19
1050,TXN_3842092,Juice,1,3.0,3.0,Digital Wallet,,2025-11-19
1051,TXN_6826783,Tea,2,1.5,3.0,Credit Card,In-store,2025-11-19
1052,TXN_4775488,Coffee,2,2.0,4.0,Credit Card,In-store,2025-11-19
1053,TXN_7212777,Cookie,2,1.0,2.0,UNKNOWN,,2025-11-19
1054,TXN_9694503,Salad,5,5.0,25.0,Credit Card,,2025-11-19
1055,TXN_9415987,Coffee,2,2.0,UNKNOWN,Cash,Takeaway,2025-11-19
1056,TXN_2432520,Smoothie,2,4.0,,,ERROR,2025-11-19
1057,TXN_9064817,Smoothie,3,4.0,12.0,Digital Wallet,In-store,2025-11-19
1058,TXN_7936990,Salad,2,5.0,10.0,Digital Wallet,Takeaway,2025-11-19
1059,TXN_0770552,Salad,4,5.0,20.0,Cash,,2025-11-19
1060,TXN_8826500,Sandwich,2,4.0,8.0,Credit Card,In-store,2025-11-19
1061,TXN_3546897,Cookie,2,1.0,2.0,Cash,Takeaway,2025-11-19
1062,TXN_3149081,Salad,1,5.0,5.0,Credit Card,,2025-11-19
1063,TXN_1648716,Cookie,4,1.0,4.0,UNKNOWN,,2025-11-19
1064,TXN_3958265,Smoothie,5,,20.0,Digital Wallet,ERROR,2025-11-19
1065,TXN_2106237,Juice,4,3.0,12.0,Credit Card,,2025-11-19
1066,TXN_2680807,Sandwich,5,4.0,UNKNOWN,Digital Wallet,,2025-11-19
1067,TXN_8486458,Cookie,5,UNKNOWN,,Cash,In-store,2025-11-19
1068,TXN_5509466,Salad,1,5.0,5.0,,Takeaway,2025-11-19
1069,TXN_4622013,Salad,1,5.0,5.0,ERROR,Takeaway,2025-11-19
1070,TXN_6670441,Cake,5,3.0,15.0,,Takeaway,2025-11-19
1071,TXN_1590891,Salad,4,5.0,20.0,,,2025-11-19
1072,TXN_9026699,Smoothie,4,4.0,16.0,,Takeaway,2025-11-19
1073,TXN_6835645,Cake,ERROR,3.0,3.0,Cash,Takeaway,2025-11-19
1074,TXN_4922686,Smoothie,2,,8.0,Cash,,2025-11-19
1075,TXN_4489346,Coffee,,2.0,4.0,Cash,,2025-11-19
1076,TXN_2689188,Sandwich,2,4.0,8.0,Credit Card,Takeaway,2025-11-19
1077,TXN_7820200,Juice,5,3.0,15.0,Cash,Takeaway,2025-11-19
1078,TXN_5186387,Salad,1,5.0,5.0,Credit Card,In-store,2025-11-19
1079,TXN_1537246,Cookie,2,1.0,2.0,Digital Wallet,Takeaway,2025-11-19
1080,TXN_7510791,Smoothie,4,4.0,16.0,Cash,Takeaway,2025-11-19
1081,TXN_3887860,Sandwich,1,4.0,4.0,UNKNOWN,UNKNOWN,2025-11-19
1082,TXN_2420431,Coffee,3,2.0,,,In-store,2025-11-19
1083,TXN_1333278,Salad,4,5.0,20.0,Cash,,2025-11-19
1084,TXN_1104046,Smoothie,3,4.0,12.0,Digital Wallet,Takeaway,2025-11-19
1085,TXN_2399823,Cookie,1,1.0,1.0,Cash,,2025-11-19
1086,TXN_3855653,Cookie,4,1.0,4.0,Digital Wallet,,2025-11-19
1087,TXN_4497139,Juice,2,3.0,6.0,Cash,In-store,2025-11-19
1088,TXN_6652384,Juice,3,3.0,,Credit Card,,2025-11-19
1089,TXN_7458889,Cookie,5,1.0,5.0,,Takeaway,2025-11-19
1090,TXN_1392596,Juice,5,3.0,15.0,,,2025-11-19
1091,TXN_1433961,Coffee,5,UNKNOWN,ERROR,Cash,ERROR,2025-11-19
1092,TXN_7710135,Smoothie,3,4.0,12.0,Digital Wallet,,2025-11-19
1093,TXN_9203801,Sandwich,UNKNOWN,4.0,12.0,UNKNOWN,Takeaway,2025-11-19
1094,TXN_6618856,Coffee,3,2.0,6.0,Digital Wallet,,2025-11-19
1095,TXN_1010305,Smoothie,4,4.0,16.0,,,2025-11-19
1096,TXN_6127457,Salad,4,5.0,20.0,Digital Wallet,,2025-11-19
1097,TXN_1322994,Smoothie,5,4.0,20.0,,Takeaway,2025-11-19
1098,TXN_0694292,Cake,ERROR,3.0,9.0,Digital Wallet,Takeaway,2025-11-19
1099,TXN_1587048,Cookie,2,1.0,2.0,Cash,In-store,2025-11-19
1100,TXN_8310885,Cake,2,3.0,6.0,,,2025-11-19
1101,TXN_9682048,Smoothie,3,4.0,12.0,Cash,,2025-11-19
1102,TXN_5620364,Cake,5,3.0,15.0,Cash,,2025-11-19
1103,TXN_2032231,Juice,3,3.0,9.0,,,2025-11-19
1104,TXN_6584441,Sandwich,2,4.0,8.0,Digital Wallet,ERROR,2025-11-19
1105,TXN_0258660,Tea,5,1.5,7.5,,In-store,2025-11-19
1106,TXN_7718406,Juice,2,3.0,6.0,Cash,Takeaway,2025-11-19
1107,TXN_9402844,Cookie,1,1.0,1.0,,,2025-11-19
1108,TXN_4865670,Salad,5,5.0,25.0,Credit Card,,2025-11-19
1109,TXN_2086914,Cookie,4,1.0,4.0,Credit Card,Takeaway,2025-11-19
1110,TXN_8550808,Sandwich,1,4.0,4.0,Credit Card,In-store,2025-11-19
1111,TXN_3480325,Cake,2,3.0,6.0,Cash,,2025-11-19
1112,TXN_9145754,Cake,1,3.0,3.0,,,2025-11-19
1113,TXN_7352652,Sandwich,4,4.0,16.0,Credit Card,,2025-11-19
1114,TXN_8964275,Tea,3,1.5,4.5,Cash,Takeaway,2025-11-19
1115,TXN_7687560,Smoothie,1,4.0,4.0,Credit Card,Takeaway,2025-11-19
1116,TXN_5957660,Sandwich,3,4.0,12.0,,In-store,2025-11-19
1117,TXN_9045874,Smoothie,4,4.0,16.0,Cash,,2025-11-19
1118,TXN_8702862,Juice,5,3.0,15.0,Digital Wallet,In-store,2025-11-19
1119,TXN_2713421,Salad,5,5.0,25.0,Digital Wallet,Takeaway,2025-11-19
1120,TXN_2334604,Smoothie,4,4.0,UNKNOWN,,,2025-11-19
1121,TXN_6423899,Juice,3,3.0,9.0,Credit Card,Takeaway,2025-11-19
1122,TXN_1621822,Tea,5,1.5,7.5,Cash,Takeaway,2025-11-19
1123,TXN_0689670,ERROR,2,3.0,6.0,Cash,Takeaway,2025-11-19
1124,TXN_9544179,Coffee,4,2.0,8.0,,,2025-11-19
1125,TXN_0187794,Cookie,4,1.0,4.0,Cash,Takeaway,2025-11-19
1126,TXN_1835557,Salad,3,5.0,15.0,,Takeaway,2025-11-19
1127,TXN_6115099,Cookie,2,1.0,2.0,,Takeaway,2025-11-19
1128,TXN_3861649,Smoothie,2,4.0,8.0,Credit Card,,2025-11-19
1129,TXN_5290300,Juice,4,3.0,12.0,,Takeaway,2025-11-19
1130,TXN_6839921,UNKNOWN,5,1.0,5.0,Credit Card,In-store,2025-11-19
1131,TXN_9055731,Juice,1,3.0,3.0,Digital Wallet,Takeaway,2025-11-19
1132,TXN_3929382,Tea,2,1.5,3.0,,Takeaway,2025-11-19
1133,TXN_3436713,Salad,2,5.0,10.0,Cash,Takeaway,2025-11-19
1134,TXN_4747270,Salad,1,5.0,5.0,Digital Wallet,Takeaway,2025-11-19
1135,TXN_7487839,Cake,3,3.0,9.0,Digital Wallet,Takeaway,2025-11-19
1136,TXN_4254825,Salad,1,5.0,5.0,Credit Card,ERROR,2025-11-19
1137,TXN_8274500,Juice,ERROR,3.0,12.0,,,2025-11-19
1138,TXN_4436113,Coffee,5,2.0,10.0,,,2025-11-19
1139,TXN_1380531,Sandwich,4,4.0,16.0,,In-store,2025-11-19
1140,TXN_6902476,Salad,2,5.0,10.0,Credit Card,,2025-11-19
1141,TXN_9424082,Cake,,3.0,9.0,Digital Wallet,In-store,2025-11-19
1142,TXN_0847348,Sandwich,4,4.0,,,In-store,2025-11-19
1143,TXN_7287688,Cake,5,UNKNOWN,15.0,Digital Wallet,Takeaway,2025-11-19
1144,TXN_2751922,Salad,3,5.0,15.0,Credit Card,,2025-11-19
1145,TXN_8076535,Juice,2,3.0,6.0,Credit Card,Takeaway,2025-11-19
1146,TXN_6296728,Coffee,5,2.0,10.0,Cash,Takeaway,2025-11-19
1147,TXN_3758682,Cookie,2,1.0,2.0,Digital Wallet,,2025-11-19
1148,TXN_1704615,Coffee,5,2.0,10.0,Credit Card,Takeaway,2025-11-19
1149,TXN_0912993,Coffee,1,ERROR,2.0,ERROR,Takeaway,2025-11-19
1150,TXN_7976744,Juice,1,3.0,3.0,Credit Card,Takeaway,2025-11-19
1151,TXN_3345040,Salad,1,5.0,5.0,ERROR,In-store,2025-11-19
1152,TXN_4050079,Juice,2,3.0,6.0,Digital Wallet,UNKNOWN,2025-11-19
1153,TXN_8089995,Tea,4,1.5,6.0,Cash,Takeaway,2025-11-19
1154,TXN_4943277,Smoothie,2,4.0,8.0,Cash,ERROR,2025-11-19
1155,TXN_8591878,Cookie,ERROR,1.0,4.0,Digital Wallet,UNKNOWN,2025-11-19
1156,TXN_4504393,Sandwich,ERROR,4.0,12.0,Digital Wallet,Takeaway,2025-11-19
1157,TXN_3499840,Salad,ERROR,5.0,25.0,Credit Card,Takeaway,2025-11-19
1158,TXN_2935738,Smoothie,5,4.0,20.0,,In-store,2025-11-19
1159,TXN_3501315,Tea,2,1.5,3.0,Credit Card,Takeaway,2025-11-19
1160,TXN_9634295,Coffee,5,2.0,10.0,,,2025-11-19
1161,TXN_6633651,Tea,1,1.5,1.5,Cash,In-store,2025-11-19
1162,TXN_4881186,Salad,3,5.0,15.0,Credit Card,Takeaway,2025-11-19
1163,TXN_1367305,Tea,3,1.5,4.5,Cash,In-store,2025-11-19
1164,TXN_1700040,Salad,1,5.0,5.0,,,2025-11-19
1165,TXN_2979222,Smoothie,1,4.0,4.0,Credit Card,Takeaway,2025-11-19
1166,TXN_4373121,Cake,1,3.0,3.0,Digital Wallet,Takeaway,2025-11-19
1167,TXN_7827687,Smoothie,1,4.0,4.0,Cash,ERROR,2025-11-19
1168,TXN_3209966,Sandwich,5,4.0,20.0,Cash,Takeaway,2025-11-19
1169,TXN_7469414,Tea,4,1.5,6.0,,,2025-11-19
1170,TXN_0193213,Salad,2,5.0,10.0,Credit Card,In-store,2025-11-19
1171,TXN_6097244,Cookie,4,1.0,4.0,Cash,,2025-11-19
1172,TXN_9622547,Coffee,5,2.0,10.0,Cash,In-store,2025-11-19
1173,TXN_3852190,,ERROR,3.0,9.0,Cash,Takeaway,2025-11-19
1174,TXN_1339315,Sandwich,1,4.0,4.0,Digital Wallet,Takeaway,2025-11-19
1175,TXN_2890186,Juice,1,3.0,3.0,,Takeaway,2025-11-19
1176,TXN_4409399,Juice,3,3.0,9.0,Cash,In-store,2025-11-19
1177,TXN_0495576,ERROR,1,1.5,1.5,,UNKNOWN,2025-11-19
1178,TXN_7281558,Salad,3,5.0,15.0,Digital Wallet,Takeaway,2025-11-19
1179,TXN_9727313,Smoothie,3,4.0,12.0,,Takeaway,2025-11-19
1180,TXN_3701917,Salad,2,5.0,10.0,Credit Card,UNKNOWN,2025-11-19
1181,TXN_9592318,Cake,1,3.0,3.0,Credit Card,In-store,2025-11-19
1182,TXN_3290184,Cookie,5,,5.0,Digital Wallet,,2025-11-19
1183,TXN_0792188,Cake,3,3.0,9.0,Digital Wallet,,2025-11-19
1184,TXN_1521519,Juice,3,3.0,9.0,Cash,,2025-11-19
1185,TXN_6738636,Smoothie,3,4.0,12.0,Credit Card,In-store,2025-11-19
1186,TXN_0705338,Tea,4,1.5,6.0,Credit Card,Takeaway,2025-11-19
1187,TXN_7802068,Juice,3,3.0,9.0,Cash,Takeaway,2025-11-19
1188,TXN_4223684,Smoothie,4,4.0,16.0,Digital Wallet,,2025-11-19
1189,TXN_4527624,Cookie,4,1.0,4.0,Digital Wallet,Takeaway,2025-11-19
1190,TXN_0062040,Tea,5,1.5,7.5,,Takeaway,2025-11-19
1191,TXN_6904031,Cookie,4,1.0,4.0,Digital Wallet,,2025-11-19
1192,TXN_0625675,Juice,4,3.0,,Cash,UNKNOWN,2025-11-19
1193,TXN_0526787,Sandwich,3,UNKNOWN,12.0,,In-store,2025-11-19
1194,TXN_7502429,Cake,4,3.0,12.0,Digital Wallet,,2025-11-19
1195,TXN_9058526,Tea,1,1.5,1.5,Digital Wallet,,2025-11-19
1196,TXN_2770401,Coffee,1,2.0,2.0,Digital Wallet,,2025-11-19
1197,TXN_9556745,Juice,1,3.0,3.0,Digital Wallet,,2025-11-19
1198,TXN_6313239,Juice,1,3.0,3.0,Credit Card,,2025-11-19
1199,TXN_8337482,Salad,2,5.0,10.0,UNKNOWN,Takeaway,2025-11-19
1200,TXN_9724262,Coffee,5,2.0,10.0,,In-store,2025-11-19
1201,TXN_7917106,Salad,1,5.0,5.0,Credit Card,,2025-11-19
1202,TXN_5655359,Tea,2,1.5,3.0,Cash,In-store,2025-11-19
1203,TXN_2063101,Coffee,4,2.0,8.0,Credit Card,In-store,2025-11-19
1204,TXN_0144412,UNKNOWN,5,ERROR,15.0,Cash,Takeaway,2025-11-19
1205,TXN_4184152,Cake,2,3.0,6.0,Digital Wallet,In-store,2025-11-19
1206,TXN_3301498,Tea,3,1.5,4.5,,In-store,2025-11-19
1207,TXN_9158223,Salad,1,ERROR,5.0,Cash,In-store,2025-11-19
1208,TXN_3644848,Cake,,3.0,3.0,ERROR,Takeaway,2025-11-19
1209,TXN_1189435,Coffee,2,2.0,4.0,,In-store,2025-11-19
1210,TXN_5708222,Juice,2,3.0,6.0,,Takeaway,2025-11-19
1211,TXN_6903653,UNKNOWN,UNKNOWN,4.0,4.0,,In-store,2025-11-19
1212,TXN_5717195,Salad,5,5.0,25.0,Digital Wallet,In-store,2025-11-19
1213,TXN_0413099,Smoothie,3,4.0,12.0,,In-store,2025-11-19
1214,TXN_5140603,UNKNOWN,2,3.0,6.0,Digital Wallet,,2025-11-19
1215,TXN_1148163,Salad,2,5.0,10.0,,Takeaway,2025-11-19
1216,TXN_0901054,Salad,3,5.0,15.0,UNKNOWN,,2025-11-19
1217,TXN_1753357,,4,4.0,16.0,,Takeaway,2025-11-19
1218,TXN_2328082,Coffee,1,ERROR,2.0,Digital Wallet,Takeaway,2025-11-19
1219,TXN_1997183,Smoothie,3,4.0,12.0,,UNKNOWN,2025-11-19
1220,TXN_6196010,Juice,ERROR,3.0,UNKNOWN,Digital Wallet,Takeaway,2025-11-19
1221,TXN_2602716,Coffee,5,2.0,10.0,Credit Card,Takeaway,2025-11-19
1222,TXN_0728365,Cake,5,3.0,15.0,Digital Wallet,,2025-11-19
1223,TXN_3716956,Coffee,3,2.0,6.0,,,2025-11-19
1224,TXN_3403350,Cookie,3,1.0,3.0,Cash,In-store,2025-11-19
1225,TXN_0216091,Juice,2,3.0,6.0,,,2025-11-19
1226,TXN_4464937,Tea,3,1.5,4.5,Credit Card,Takeaway,2025-11-19
1227,TXN_0719744,Juice,,3.0,3.0,,,2025-11-19
1228,TXN_6905208,Cookie,1,1.0,1.0,Credit Card,In-store,2025-11-19
1229,TXN_4673757,Cookie,1,1.0,1.0,Cash,,2025-11-19
1230,TXN_7897748,Cake,2,3.0,6.0,,Takeaway,2025-11-19
1231,TXN_2757000,Cookie,2,ERROR,2.0,,,2025-11-19
1232,TXN_7614153,Salad,3,5.0,15.0,,,2025-11-19
1233,TXN_5660104,Tea,4,1.5,6.0,Cash,Takeaway,2025-11-19
1234,TXN_7517048,Juice,4,3.0,12.0,Digital Wallet,In-store,2025-11-19
1235,TXN_4180631,Juice,1,3.0,3.0,Digital Wallet,Takeaway,2025-11-19
1236,TXN_2241847,Cookie,1,1.0,1.0,Digital Wallet,In-store,2025-11-19
1237,TXN_4681280,Sandwich,4,4.0,16.0,Cash,In-store,2025-11-19
1238,TXN_1230780,UNKNOWN,1,5.0,5.0,Cash,In-store,2025-11-19
1239,TXN_1976393,Sandwich,3,4.0,12.0,Digital Wallet,,2025-11-19
1240,TXN_4791914,Juice,5,ERROR,15.0,Cash,Takeaway,2025-11-19
1241,TXN_2462452,Sandwich,2,4.0,8.0,,In-store,2025-11-19
1242,TXN_7479983,Coffee,2,2.0,4.0,Cash,Takeaway,2025-11-19
1243,TXN_4896190,Sandwich,3,4.0,12.0,Digital Wallet,,2025-11-19
1244,TXN_4399584,Juice,3,3.0,9.0,Cash,,2025-11-19
1245,TXN_6618749,Cake,3,3.0,9.0,Digital Wallet,UNKNOWN,2025-11-19
1246,TXN_4523466,Cookie,1,1.0,1.0,,In-store,2025-11-19
1247,TXN_1304700,UNKNOWN,4,4.0,16.0,Cash,Takeaway,2025-11-19
1248,TXN_4647916,Smoothie,5,,20.0,Digital Wallet,Takeaway,2025-11-19
1249,TXN_6668615,UNKNOWN,5,5.0,25.0,Digital Wallet,In-store,2025-11-19
1250,TXN_2594603,Salad,3,5.0,15.0,UNKNOWN,Takeaway,2025-11-19
1251,TXN_5153519,Salad,2,,10.0,Credit Card,Takeaway,2025-11-19
1252,TXN_4649680,Sandwich,2,4.0,8.0,Digital Wallet,In-store,2025-11-19
1253,TXN_0225036,Coffee,3,2.0,6.0,Digital Wallet,UNKNOWN,2025-11-19
1254,TXN_1871347,Sandwich,2,4.0,8.0,,,2025-11-19
1255,TXN_9021224,Smoothie,2,4.0,8.0,Credit Card,,2025-11-19
1256,TXN_2227933,Coffee,4,2.0,8.0,,,2025-11-19
1257,TXN_5703369,UNKNOWN,1,4.0,4.0,,,2025-11-19
1258,TXN_7742237,Smoothie,3,4.0,12.0,,In-store,2025-11-19
1259,TXN_2340901,Smoothie,1,4.0,4.0,Cash,Takeaway,2025-11-19
1260,TXN_5489234,Cookie,1,1.0,1.0,,Takeaway,2025-11-19
1261,TXN_2182157,Sandwich,1,4.0,4.0,,In-store,2025-11-19
1262,TXN_4220376,ERROR,5,5.0,25.0,Credit Card,Takeaway,2025-11-19
1263,TXN_7996391,Cookie,1,1.0,1.0,,,2025-11-19
1264,TXN_4301972,Cake,5,3.0,15.0,Digital Wallet,In-store,2025-11-19
1265,TXN_8483210,Tea,4,1.5,6.0,Digital Wallet,In-store,2025-11-19
1266,TXN_3311891,Coffee,5,2.0,10.0,,,2025-11-19
1267,TXN_5407519,Tea,1,1.5,1.5,Credit Card,Takeaway,2025-11-19
1268,TXN_5874775,Coffee,4,2.0,8.0,Digital Wallet,,2025-11-19
1269,TXN_0153201,Cookie,5,1.0,5.0,,,2025-11-19
1270,TXN_9116409,Salad,2,5.0,10.0,Credit Card,In-store,2025-11-19
1271,TXN_0120107,Tea,2,1.5,3.0,ERROR,,2025-11-19
1272,TXN_2828249,Coffee,3,2.0,6.0,Digital Wallet,,2025-11-19
1273,TXN_6116043,Cake,2,3.0,6.0,Cash,In-store,2025-11-19
1274,TXN_0393868,Salad,ERROR,5.0,5.0,Cash,,2025-11-19
1275,TXN_8789082,Tea,2,1.5,3.0,Cash,ERROR,2025-11-19
1276,TXN_3425039,Cookie,3,1.0,3.0,Cash,,2025-11-19
1277,TXN_6947773,Cake,5,3.0,15.0,Cash,,2025-11-19
1278,TXN_6623110,Cake,2,3.0,6.0,Credit Card,,2025-11-19
1279,TXN_4970662,,3,3.0,9.0,Credit Card,,2025-11-19
1280,TXN_4033408,Smoothie,1,4.0,4.0,Digital Wallet,Takeaway,2025-11-19
1281,TXN_7638878,Smoothie,5,ERROR,20.0,,,2025-11-19
1282,TXN_8329161,Salad,5,5.0,25.0,,Takeaway,2025-11-19
1283,TXN_7429627,Sandwich,ERROR,4.0,4.0,Credit Card,Takeaway,2025-11-19
1284,TXN_2352590,Juice,2,3.0,6.0,,,2025-11-19
1285,TXN_1266426,Smoothie,5,4.0,20.0,,Takeaway,2025-11-19
1286,TXN_3365282,Smoothie,4,4.0,16.0,,Takeaway,2025-11-19
1287,TXN_6036043,Cookie,1,1.0,1.0,Credit Card,In-store,2025-11-19
1288,TXN_9334719,Sandwich,3,4.0,12.0,Credit Card,,2025-11-19
1289,TXN_9720887,Smoothie,,4.0,4.0,Digital Wallet,In-store,2025-11-19
1290,TXN_1396658,Smoothie,3,4.0,12.0,ERROR,,2025-11-19
1291,TXN_4431752,Smoothie,2,4.0,8.0,Digital Wallet,In-store,2025-11-19
1292,TXN_8389266,Tea,4,1.5,6.0,Digital Wallet,Takeaway,2025-11-19
1293,TXN_1591248,Salad,2,5.0,10.0,ERROR,In-store,2025-11-19
1294,TXN_5500248,Coffee,2,2.0,4.0,,In-store,2025-11-19
1295,TXN_8299291,Cake,3,3.0,9.0,Credit Card,,2025-11-19
1296,TXN_5843374,Smoothie,3,4.0,12.0,Credit Card,Takeaway,2025-11-19
1297,TXN_0950242,Sandwich,3,4.0,12.0,Cash,In-store,2025-11-19
1298,TXN_1842771,ERROR,2,3.0,6.0,,Takeaway,2025-11-19
1299,TXN_7272736,Cookie,2,1.0,2.0,Digital Wallet,Takeaway,2025-11-19
1300,TXN_6009133,Coffee,5,2.0,10.0,,,2025-11-19
1301,TXN_7945631,Salad,1,5.0,5.0,Credit Card,In-store,2025-11-19
1302,TXN_2934314,Coffee,3,2.0,6.0,Credit Card,ERROR,2025-11-19
1303,TXN_3560903,,5,1.0,5.0,UNKNOWN,,2025-11-19
1304,TXN_4545915,Smoothie,2,4.0,8.0,Credit Card,,2025-11-19
1305,TXN_1450884,Salad,4,5.0,20.0,Credit Card,Takeaway,2025-11-19
1306,TXN_2296388,Cookie,5,1.0,5.0,Credit Card,,2025-11-19
1307,TXN_3509204,Smoothie,2,4.0,8.0,Cash,In-store,2025-11-19
1308,TXN_6852199,Coffee,4,2.0,8.0,Cash,,2025-11-19
1309,TXN_0731028,Cake,4,3.0,12.0,,ERROR,2025-11-19
1310,TXN_8097891,Cake,5,3.0,15.0,,,2025-11-19
1311,TXN_0027505,Tea,2,1.5,3.0,,ERROR,2025-11-19
1312,TXN_2309945,Coffee,4,2.0,8.0,,Takeaway,2025-11-19
1313,TXN_6779324,Smoothie,UNKNOWN,4.0,20.0,,Takeaway,2025-11-19
1314,TXN_8586178,Sandwich,2,4.0,8.0,Digital Wallet,In-store,2025-11-19
1315,TXN_7985893,Juice,3,3.0,9.0,UNKNOWN,Takeaway,2025-11-19
1316,TXN_2660893,Smoothie,2,4.0,8.0,Digital Wallet,,2025-11-19
1317,TXN_5417072,Salad,1,5.0,,Credit Card,Takeaway,2025-11-19
1318,TXN_9869357,Salad,4,5.0,20.0,Cash,Takeaway,2025-11-19
1319,TXN_8763183,Cookie,5,1.0,5.0,Credit Card,,2025-11-19
1320,TXN_8436242,Juice,4,3.0,12.0,Cash,In-store,2025-11-19
1321,TXN_1352477,Cookie,1,1.0,1.0,,Takeaway,2025-11-19
1322,TXN_6961068,Cake,UNKNOWN,3.0,15.0,Cash,In-store,2025-11-19
1323,TXN_8377350,Salad,4,5.0,20.0,Cash,,2025-11-19
1324,TXN_0499911,Cookie,4,1.0,4.0,ERROR,ERROR,2025-11-19
1325,TXN_3281252,UNKNOWN,3,3.0,9.0,Digital Wallet,,2025-11-19
1326,TXN_5081118,Coffee,5,2.0,10.0,,In-store,2025-11-19
1327,TXN_5071830,Juice,4,3.0,12.0,Cash,Takeaway,2025-11-19
1328,TXN_4067413,,5,2.0,10.0,Digital Wallet,,2025-11-19
1329,TXN_8976840,Coffee,4,2.0,8.0,Digital Wallet,UNKNOWN,2025-11-19
1330,TXN_6969759,Coffee,4,2.0,8.0,,In-store,2025-11-19
1331,TXN_2686030,Coffee,UNKNOWN,2.0,2.0,,,2025-11-19
1332,TXN_0478482,Juice,5,3.0,,UNKNOWN,,2025-11-19
1333,TXN_1311020,Cookie,5,1.0,5.0,Cash,In-store,2025-11-19
1334,TXN_4397479,Salad,5,5.0,25.0,Credit Card,,2025-11-19
1335,TXN_6231133,Coffee,2,2.0,4.0,ERROR,UNKNOWN,2025-11-19
1336,TXN_2476667,Juice,4,3.0,12.0,Credit Card,Takeaway,2025-11-19
1337,TXN_3945808,Cookie,1,1.0,1.0,,Takeaway,2025-11-19
1338,TXN_1879264,Smoothie,5,4.0,20.0,Credit Card,,2025-11-19
1339,TXN_0881738,Juice,1,ERROR,3.0,,ERROR,2025-11-19
1340,TXN_7459416,Juice,4,3.0,12.0,,,2025-11-19
1341,TXN_6342103,Cookie,5,1.0,5.0,,In-store,2025-11-19
1342,TXN_5659910,Sandwich,5,4.0,20.0,Digital Wallet,Takeaway,2025-11-19
1343,TXN_3174283,Cake,3,3.0,9.0,ERROR,Takeaway,2025-11-19
1344,TXN_1148093,Salad,1,5.0,5.0,Credit Card,ERROR,2025-11-19
1345,TXN_5310998,Cake,4,3.0,12.0,Digital Wallet,Takeaway,2025-11-19
1346,TXN_5177694,Tea,4,1.5,6.0,Digital Wallet,In-store,2025-11-19
1347,TXN_1232831,Cookie,2,1.0,2.0,,,2025-11-19
1348,TXN_4947682,Salad,UNKNOWN,5.0,5.0,,,2025-11-19
1349,TXN_6654785,Juice,2,3.0,6.0,Digital Wallet,In-store,2025-11-19
1350,TXN_7702098,Smoothie,2,4.0,8.0,Credit Card,,2025-11-19
1351,TXN_6908466,Salad,3,5.0,15.0,Cash,In-store,2025-11-19
1352,TXN_5153065,Sandwich,4,4.0,16.0,Credit Card,ERROR,2025-11-19
1353,TXN_1612815,,1,3.0,3.0,Cash,,2025-11-19
1354,TXN_0240613,Salad,1,5.0,,Credit Card,In-store,2025-11-19
1355,TXN_5928740,Juice,5,UNKNOWN,15.0,Cash,Takeaway,2025-11-19
1356,TXN_4802187,Salad,4,5.0,20.0,,Takeaway,2025-11-19
1357,TXN_5014697,Tea,4,1.5,6.0,Cash,Takeaway,2025-11-19
1358,TXN_2027274,Tea,5,1.5,7.5,Cash,In-store,2025-11-19
1359,TXN_6481298,Coffee,3,2.0,6.0,Digital Wallet,UNKNOWN,2025-11-19
1360,TXN_3147940,Smoothie,ERROR,4.0,12.0,Credit Card,,2025-11-19
1361,TXN_9199482,Salad,5,5.0,25.0,Digital Wallet,Takeaway,2025-11-19
1362,TXN_6840155,Sandwich,3,4.0,,Credit Card,In-store,2025-11-19
1363,TXN_5828812,Salad,1,5.0,5.0,Digital Wallet,Takeaway,2025-11-19
1364,TXN_0436877,Smoothie,1,4.0,4.0,Digital Wallet,,2025-11-19
1365,TXN_5549663,Cookie,4,1.0,4.0,Cash,,2025-11-19
1366,TXN_8516791,Coffee,4,2.0,8.0,,,2025-11-19
1367,TXN_5527195,Smoothie,3,4.0,12.0,Digital Wallet,ERROR,2025-11-19
1368,TXN_9325375,Smoothie,4,4.0,16.0,UNKNOWN,Takeaway,2025-11-19
1369,TXN_5845666,Cake,2,3.0,6.0,,,2025-11-19
1370,TXN_8926934,Salad,5,5.0,25.0,Credit Card,In-store,2025-11-19
1371,TXN_8033779,Cookie,4,1.0,4.0,UNKNOWN,,2025-11-19
1372,TXN_1404453,Tea,5,1.5,7.5,,In-store,2025-11-19
1373,TXN_1497671,Cake,2,3.0,6.0,ERROR,,2025-11-19
1374,TXN_4343086,Cake,4,3.0,12.0,,In-store,2025-11-19
1375,TXN_9800889,Juice,3,3.0,9.0,Digital Wallet,,2025-11-19
1376,TXN_1760506,Juice,3,3.0,9.0,Credit Card,,2025-11-19
1377,TXN_3235946,Juice,4,3.0,12.0,,In-store,2025-11-19
1378,TXN_5100882,Juice,5,3.0,15.0,Cash,In-store,2025-11-19
1379,TXN_1610370,Coffee,1,2.0,2.0,Digital Wallet,,2025-11-19
1380,TXN_6141872,Salad,1,5.0,5.0,ERROR,,2025-11-19
1381,TXN_7239426,Sandwich,4,4.0,16.0,,Takeaway,2025-11-19
1382,TXN_0087636,Coffee,1,2.0,2.0,,,2025-11-19
1383,TXN_3705097,,3,1.5,4.5,,In-store,2025-11-19
1384,TXN_4518221,Coffee,3,2.0,6.0,Credit Card,,2025-11-19
1385,TXN_9480098,Juice,1,3.0,3.0,Credit Card,Takeaway,2025-11-19
1386,TXN_0144702,Juice,4,3.0,12.0,Credit Card,,2025-11-19
1387,TXN_3287005,Sandwich,2,4.0,8.0,,,2025-11-19
1388,TXN_2015351,Sandwich,3,4.0,12.0,,Takeaway,2025-11-19
1389,TXN_5306439,Sandwich,5,4.0,20.0,Digital Wallet,ERROR,2025-11-19
1390,TXN_6137432,Cookie,3,1.0,3.0,Cash,Takeaway,2025-11-19
1391,TXN_1656929,Juice,2,3.0,6.0,,,2025-11-19
1392,TXN_5717289,Smoothie,5,4.0,UNKNOWN,Cash,In-store,2025-11-19
1393,TXN_1528549,Juice,2,3.0,6.0,,In-store,2025-11-19
1394,TXN_0468965,Coffee,4,2.0,ERROR,Credit Card,,2025-11-19
1395,TXN_4347542,Tea,1,1.5,1.5,,In-store,2025-11-19
1396,TXN_0135725,UNKNOWN,2,3.0,6.0,,,2025-11-19
1397,TXN_6445185,Juice,5,3.0,15.0,Digital Wallet,Takeaway,2025-11-19
1398,TXN_9037048,Smoothie,4,4.0,16.0,Cash,,2025-11-19
1399,TXN_7046658,Salad,4,5.0,UNKNOWN,,In-store,2025-11-19
1400,TXN_1083652,Tea,4,1.5,6.0,Cash,In-store,2025-11-19
1401,TXN_3774126,Juice,3,3.0,9.0,Cash,,2025-11-19
1402,TXN_1806166,,ERROR,,20.0,Credit Card,,2025-11-19
1403,TXN_3007818,Tea,2,1.5,3.0,Digital Wallet,Takeaway,2025-11-19
1404,TXN_1941264,Smoothie,4,4.0,16.0,Credit Card,In-store,2025-11-19
1405,TXN_1158747,Cookie,2,1.0,2.0,Digital Wallet,Takeaway,2025-11-19
1406,TXN_0441260,Cookie,2,1.0,2.0,Cash,Takeaway,2025-11-19
1407,TXN_9602076,Cake,5,3.0,15.0,Cash,Takeaway,2025-11-19
1408,TXN_7774955,Sandwich,5,4.0,20.0,Credit Card,,2025-11-19
1409,TXN_8605924,Coffee,3,2.0,6.0,Credit Card,,2025-11-19
1410,TXN_1315023,Salad,4,5.0,20.0,Digital Wallet,,2025-11-19
1411,TXN_2509616,Sandwich,5,4.0,20.0,Credit Card,,2025-11-19
1412,TXN_0427064,Tea,2,1.5,3.0,Digital Wallet,In-store,2025-11-19
1413,TXN_7048324,Coffee,5,2.0,10.0,,In-store,2025-11-19
1414,TXN_1595291,Juice,2,,ERROR,Digital Wallet,Takeaway,2025-11-19
1415,TXN_5047751,Cake,3,3.0,9.0,Credit Card,Takeaway,2025-11-19
1416,TXN_0695067,Juice,1,3.0,3.0,Cash,,2025-11-19
1417,TXN_4949116,Tea,ERROR,1.5,6.0,,Takeaway,2025-11-19
1418,TXN_3764085,Sandwich,4,4.0,16.0,Cash,,2025-11-19
1419,TXN_4940131,Sandwich,2,4.0,8.0,Credit Card,ERROR,2025-11-19
1420,TXN_9172214,Salad,2,5.0,10.0,Digital Wallet,Takeaway,2025-11-19
1421,TXN_3678122,ERROR,4,1.0,4.0,,Takeaway,2025-11-19
1422,TXN_0717428,Juice,5,3.0,15.0,,In-store,2025-11-19
1423,TXN_1733043,Juice,4,3.0,12.0,,In-store,2025-11-19
1424,TXN_0541925,Coffee,2,2.0,4.0,Cash,In-store,2025-11-19
1425,TXN_7209776,Tea,3,1.5,4.5,,,2025-11-19
1426,TXN_3209923,Smoothie,5,4.0,20.0,Cash,In-store,2025-11-19
1427,TXN_2471934,Smoothie,3,4.0,12.0,Cash,,2025-11-19
1428,TXN_3560610,Smoothie,UNKNOWN,4.0,4.0,Cash,Takeaway,2025-11-19
1429,TXN_3821175,Coffee,2,2.0,4.0,,UNKNOWN,2025-11-19
